claim	check_worthy	scientific_claim	annotator_1	annotator_2	annotator_3
Big oil asks government to protect its Texas facilities from climate change ...with no sense of irony https://t.co/5LwBASECW3 https://t.co/if4Y5Hi83Y	0	False	0	0	0
Why is climate change a global problem? https://t.co/xmoWjxiA6F #climatechange #climateaction  #environment  #energy https://t.co/devVZuzDM4	0	True	1	1	1
How can greenhouse gases be removed from the atmosphere? https://t.co/nb9jeqOkzU #climatechange #climateaction  #environment  #energy https://t.co/XMeugvCdzW	0	True	0	1	1
Paris Agreement 2015/Art.2.1(c): Making finance flows consistent with a pathway towards low GHG emissions. https://t.co/wwdORYyv3J #climatechange #climateaction  #environment  #energy https://t.co/wMj1wvV4bK	0	False	0	0	0
I just cast my ballot for: ‚úÖEquality ‚úÖWomen‚Äôs rights ‚úÖClimate change ‚úÖEducation ‚úÖFlorida‚Äôs future  While voting for: ‚û°Ô∏è@MayorLevine https://t.co/tjJ2AJwt9p	0	False	0	0	0
A note on #climatechange. (@billmckibben) https://t.co/o3Dfaos3WW	0	False	0	0	1
@nonnie7696 Say hello to planet Earth ...  #climatechange  #globalwarming https://t.co/v74B9ypYf5	0	False	0	0	0
Maybe it's not global warming. Maybe it's just planetary menopause. https://t.co/Nk2MpgfRSt	0	True	0	1	1
3/ Meanwhile, Rockport officials are still hoping they can convince the displaced to return home despite the risks of coastal life in the era of climate change.   We report from Rockport with @weatherchannel: https://t.co/QnnePw7rgRhttps://t.co/mhGMzOysVa	0	True	1	1	0
@BerdoMike @fortkampnathan @MoneyBadgerFC @NickEhlers01 Like global warming, or transgender restrooms?? Nah!! https://t.co/UrS2wwspKJ	0	False	0	0	0
What Is Climate Change Mitigation? Learn more here: https://t.co/y4VqEkQQ1L #climatechange #climateaction  #environment  #energy https://t.co/VqjWViSRyk	0	False	0	0	1
Call it global warming or a heatwave but there's no arguing that it is still hot &amp; bright out there. Most people don't realize that all sunscreen is not created equal, see the difference, feel the difference first hand with Obagi sun-care! https://t.co/OeN0F4SOSH	0	False	0	0	0
Celestial hatchings and the ubiquitous contrail out of the text book of climate change.... https://t.co/yc4eQ2KkkU	0	False	0	0	1
Why Climate Change Causes More Deaths: https://t.co/l0QvJthj1O #climatechange #climateaction  #environment  #energy https://t.co/kQsIT0SthM	0	True	1	1	1
Research in development for climate change action. Machteld Roos @WUR @cgiarclimate https://t.co/1AdqwjA7bO	0	False	0	0	1
Paris Agreement 2015/Art.2.1(b):Increasing the ability to adapt to the adverse impacts of climate change. https://t.co/wwdORYQ5Vh #climatechange #climateaction  #environment  #energy https://t.co/nJOae7DcgD	0	False	0	0	0
@senJamesInhofe Oh - ur a nut   I came here because of ur insane statement blaming the longest serving statesman Sen John McCain for the petty, spiteful actions of a child that personally attacked anAmerican hero over a disagreement   but if u feel climate change is a hoax - ur not too bright https://t.co/21NVwkno5c	0	False	0	0	1
Everything almost dry and death.. No Water No Electricity No Education No Hospital No Life No Money Nobody wants to live in here.. Global Warming Suckkaa! 115¬∞ F Dammit!! https://t.co/xy9sOZqoOr	0	False	0	0	0
A picture is worth a thousand words. 10 years ago, climate change was often seen as a manageable problem. We are now beginning to realize that is a global crisis. Are we really prepared to face the unavoidable consequences of CC? Major policy challenge ahead for governments. https://t.co/4FXBAty0rn	0	True	1	1	1
If trees could scream, would we be so cavalier about cutting them down? https://t.co/I7Y5LKgxnf #climatechange #climateaction  #environment  #energy https://t.co/opEvEEagkC	0	False	0	0	0
In Eco-OUTLOOK we bring you environment and climate change news;@ngalame ,@unep,@ClimDevAfrica ,@PACJA1 ,@africanff ,@ECA_OFFICIAL ,@ICRAF https://t.co/cs41PNMhnf	0	False	0	0	0
How China is (and isn't) fighting pollution and climate change | Angel Hsu https://t.co/X8qSA0u9fXhttps://t.co/V8c2a823qI	0	False	0	1	0
Please sign+share this petition. School board members r ONLY elected officials w. SINGULAR focus on kids. They CAN speak officially ab't moral imperative 4 national climate action. Educational leaders CAN generate a massive signal that Congress must act. https://t.co/n9l9JOztFE https://t.co/i6U0VLQ1Mt	0	False	0	0	0
An Interview With ‚ÄòLosing Earth‚Äô Author Nathaniel Rich: This week, we're using an entire episode to discuss an ambitious piece of reporting on climate change. Earlier this month, the New York Times Magazine devoted an entire issue to a specific period of‚Ä¶ https://t.co/BKvosjcMNf https://t.co/YNEwgJccVi	0	False	0	0	0
*walks into environmental science class* Professor: ‚ÄúGLOBAL WARMING IS A MYTH‚Äù Me: https://t.co/gbagkQI3Hq	0	False	0	0	1
Just a couple of the projects from today‚Äôs @firstlegoleague LEGO Expo. Thank you, @Jendrosch for bringing your teams today. @MoePerera @TDSB_Robotics @TDSB_Lorraine @tdsb https://t.co/a15fPBmhnh	0	False	0	0	0
It's almost 2 AM lol but I wanted to also make smth like all the cool limited-palette pride icons I've been seeing around, so I used it as a chance to try out some digital painting again since it's been too long. Speedpaint going up on patreon later! https://t.co/Al2SQb20H6	0	False	0	0	0
https://t.co/fRmKb4mmI5:   20+ Bizarre Mobile Phone Covers and Cases You Can Buy https://t.co/ztAu5QYjwUpowered by https://t.co/eB9PnE5kL1https://t.co/ZcM1Thkb3o	0	False	0	0	0
funk pop techno music np The Veldt by deadmau5 on https://t.co/8UyDnMXznL https://t.co/ENd7fjxzl8	0	False	0	0	0
A Cyberpunk movie is now 'much more of a possibility' because of Keanu, says creator https://t.co/m6snZSxcoIhttps://t.co/A9BPBIhTNk	0	False	0	0	0
City of Melbourne Lord Mayor, @SallyCapp_  speaking at tonight‚Äôs @BatesSmart Smart: A Live Dialogue between Melbourne and London event at the beautifully designed @australianunity #smartcities https://t.co/EprmIktq56	0	False	0	0	0
Grab your sparklers and show off your patriotism with the new Freedom Skin Pack! üéÜ   üá∫üá∏Shine like a firework and flaunt your red, white, and blue style here! https://t.co/KW5WqRxxyj https://t.co/kF9K0b6PLw	0	False	0	0	0
Blockchain in Business: What Do Companies‚Äô 10-K Reports Say About DLT? https://t.co/ZRflbJxbpchttps://t.co/XzUIgCqSZI	0	False	0	0	0
Dear Ladies,   Are you interested in Learning Digital Marketing Getting certified Getting listed on a website as a freelance Digital Marketer Getting recruited to Top Personal and Corporate Brands   If yes, Send a message to https://t.co/A9NKRpWjFA   This is opened to 5 ladies only. https://t.co/WUJHgt4o5H	0	False	0	0	0
Preliminary text on the wonder-anxiety of cyberpunk advancements, the separation of culture and technology, and the optimism that technology will forego the hauntological effects of capitalism. Link: https://t.co/Zof4qwTcYKhttps://t.co/3H4Nd587f5	0	False	0	0	0
I wanted to post this comment conversation on my Elliot Rodger video. Not to shame this guy but because I think it can be helpful at clarifying some of my points in the video. https://t.co/X8JLpWQLmB	0	False	0	0	0
OK! Hands up please! Who broke bitcoin? https://t.co/8h8XNOxuJ4	0	False	0	0	0
Join us for an evening under the stars with Ross Newell! üéµ üé∂ üéµ  Ross Newell, now touring as a solo artist is best known as lead singer and songwriter in The Mulligan Brothers from Mobile AL. Get your tickets here! &gt;&gt; https://t.co/sixtetc9dx https://t.co/o8L092E1pe	0	False	0	0	0
@sixnnx @williammahan50 Bitcoin Massive Adoption Is Coming https://t.co/fzj61shekp	0	False	0	0	0
It'll be easier for you than it was for Jason‚Ä¶Student Cybersecurity Scarehouse, October 31 at 11 am ‚Äì 3 pm, William Pitt Union. https://t.co/RrlWm5nWzihttps://t.co/iNKvEt4i8x	0	False	0	0	0
From Stand News: hand-thrown tear gas canisters had deployed overhead, then got blown back in the wind towards riot police lines, causing this officer to kneel over from the unexpected inhalation. https://t.co/3XSzMgp0c5https://t.co/r2jxnJj9jD	0	False	0	0	0
To all who have served, thank you for your passion, your patriotism, and your sacrifice. We are eternally grateful. https://t.co/naTHCTIzND	0	False	0	0	0
Based purely on technicals, this is not a chart I'd wanna be short https://t.co/3cRpfeWf8m	0	False	0	0	0
@ynotbelieve @hon3y_dipp3d üéÅüñ• SHOP our CYBER MONDAY SALE! FREE luxurious extensions for ALL hair types! (While supplies last) https://t.co/qRmjYTZbpAhttps://t.co/TqeAGE9Gzn	0	False	0	0	0
RADIO KLUB // Only the best House Music and Techno with the best DJs from Ibiza, London, Berlin, Amsterdam, Barcelona, New york (DEFECTED, DRUMCODE, TERMINAL, NOIR MUSIC, OCTOPUS RECORDINGS, SUARA, BEDROCK RECORDS, TOOLROOM RECORDS, TRONIC, SECOND STATE, DIYNAMIC) https://t.co/HBah63nEc6	0	False	0	0	0
"@Techno_Fog @almostjingo @JohnWHuber @ProfMJCleveland @LeeSmithDC @themarketswork @DevinNunes @KerriKupecDOJ 9)  The OIG report answers that question by giving a timeline of around mid-January.  When the primary sub-source was questioned.   As written: ""shortly after the FBI filed the Carter Page FISA Renewal""  (January 12th, 2017). https://t.co/C5gMZZsW34"	0	False	0	0	0
RT @SarKazztic: Praying for Philippines to be safe from #coronavirus. This is so scary and alarming. üò£https://t.co/OrUoioWAEG	0	False	0	0	0
How to spot symptoms of the coronavirus https://t.co/sNOjOMJVda https://t.co/n8urqZtftz	0	True	1	0	1
Here's @WHO answering common #coronavirus questions about:   üî¥Transmission üî¥Prevention üî¥Treatment https://t.co/CGVGnn7HdJ	0	False	0	0	0
What you need to know about that mysterious Chinese coronavirus THE LATEST: https://t.co/OgoKlR2Soqhttps://t.co/D0KeP14izd	0	False	0	0	1
Curious about the Coronavirus? Where it came from &amp; why? Or Autism, Alzheimer's, Addictions, Antichrist, Bitcoin, Creationism, Evolution, Libido, Mass Human Extinction, Murder, Political Cowardice, Suicide, Why Cops Kill? Many Answers Are  In My Book: https://t.co/LiX5IFJ1dI 47 https://t.co/uHxycaBqP7	0	False	0	0	1
RT @zaibatsu: These Are the Symptoms of Coronavirus https://t.co/shTJX8R38E https://t.co/AEvvA8Zh06	0	True	1	1	1
@OSHA_DOL webpage provides information on coronavirus outbreak and tips for preventing worker exposure. https://t.co/VIqVqKnt2u https://t.co/rFCepqqTrn	0	False	0	0	1
the coronavirus:  me, a hypochondriac with a horrible immune system that gets the flu literally every other week https://t.co/iM9uUvtDtv	0	False	0	0	0
Can't wait for Riot Fest https://t.co/KTcBasjuOQ	0	False	0	0	0
My friend Taylor and I are throwing a little shin dig on March 6th :)  Would love for y‚Äôall to come by and groove with us! Spinning mostly house/techno https://t.co/SRRZ5NhwLm	0	False	0	0	0
@CarWale this bug in your mobile app exists from ages. Y don't u solve it? https://t.co/Zo6e8EjnrV	0	False	0	0	0
[Steve Hanke: You Should Avoid Bitcoin Like The Plague]   According to https://t.co/RNW6FI6SUn, Johns Hopkins Univers...   https://t.co/HJ2Znnfqe0 https://t.co/J3GJNljKK9	0	False	0	0	0
Skull Skateboarding t shirt design - Quilimo ‚û°File type : psd, png ‚û°https://t.co/pzipLlhXsk ‚û° Instant Digital Download https://t.co/1tktvtkyC4	0	False	0	0	1
In days to come researchers can explore how the shutdown impacted womens/mens research careers. Work-life balance  put to the test; time to write expanded/contracted; the imperative of travel was questioned; digital communication grew. @Research_Voice @GenderPORTal  @Journal_NORA https://t.co/k0lOZNqmjs	0	False	0	1	0
Times Colonist Jack Knox: Politics, climate change and human nature collide Times Colonist We're supposed to be upset because Justin Trudeau's to-do list in Nanaimo doesn't include climate change. ‚ÄúHow,‚Äù social media demands to know, ‚Äúcan Trudeau and his‚Ä¶ https://t.co/m9XFq9J6cL https://t.co/swTIcDeQOz	0	False	0	0	0
Nice try climate change deniers, but science and facts will ALWAYS prevail over greed and stupidity. #climatechange https://t.co/6vPj5XWOVb	0	False	0	0	0
Guess Who's Most Effective At Combating Global Warming https://t.co/rb5F3nMp3R https://t.co/CDtXE7y9sO	0	False	0	0	0
Now the heatwave is over, we cannot go back to 'business as usual' climate complacency. We must all take responsibility for our planets future, and our own @Amelia_Womack https://t.co/mV3pNDfW8whttps://t.co/E1j7euhdp9	0	False	0	0	0
RT @ClimateLawNews: Study: Most Successful Climate Change Suits Skirt the Climate Issue https://t.co/kKQ7ZYhwmP https://t.co/jiqUk6I617	0	True	1	0	1
"If we don't take action, tomorrow will be the end. Let us awake and fight against global warming.. ""WE HAVE A SINGLE MISSION TO PROTECT AND HAND ON THE PLANET TO NEXT GENERATION"" https://t.co/nC5gl6Nxzd"	0	False	0	0	1
Great to hear that 130 years after Van Gogh cut off his own ear, the @vangoghmuseum is taking the much more sensible move of cutting ties with @Shell and taking a stand against #climatechange. https://t.co/gbR3RYrans	0	False	0	0	0
And it's terminal #climateaction #climatechange https://t.co/PDWgacSA0u	0	False	0	0	1
Why climate change means your Hurricane Lane donation might not go to Hawaii https://t.co/YiE4ocBbKLhttps://t.co/a7yJnrrNed	0	False	0	0	0
Nuclear Power Image, Then &amp; Now. The climate change debate has changed the way we look at nuclear power. By Steve Greenberg. https://t.co/5YHOzkO7Wt	0	True	1	1	0
RT @Sci_Advance: Find out how you can help fight climate change at https://t.co/e5IKrUsL5Khttps://t.co/2DXUb04dY4	0	False	0	0	0
@QuentinDempster @msrose2343 Morrison is a global warming denialist so he will ditch Paris, push coal and sit by twiddling his thumbs as our farms turn to dust... https://t.co/j52RoIwwwE	0	False	0	0	0
Comment: Why I Remain Optimistic about Stopping Earth Becoming a ‚ÄòHothouse‚Äô   https://t.co/yAsxH6eUc4#climatechange #globalwarming https://t.co/gul0Xkbbys	0	False	0	0	0
On model selection criteria for climate change impact studies. https://t.co/RCtlZSY5bM https://t.co/X8wWyPOpSx	0	True	1	0	1
The courts are now another frontline in the battle against climate change. Together we will galvanise the movement for #climatejustice ‚úä &gt;&gt; https://t.co/IT3a8BRxDYhttps://t.co/0CNzN6HaFt	0	False	0	0	0
Apocalyptic threat': dire climate report raises fears for California's future https://t.co/v4B7M4HVA3 via @guardian https://t.co/LzoqZQ9jRZ	0	True	1	0	1
I‚Äôm here! @ClimateReality #climatechange https://t.co/vRYq2Qh1rj	0	False	0	0	0
What is the Kyoto Protocol? https://t.co/nb9jeqOkzU #climatechange #climateaction  #environment  #energy https://t.co/VoTDpURa2I	0	False	0	0	0
5: @jr_carpenter's 'The Gathering Cloud', which brings climate (change), the history of meteorology, and data metaphors together with both peace and a sense of foreboding. (Also, I miss Dawlish, and the sea, and Devon weather, and they're all here) https://t.co/NaxHUYso9S	0	False	0	0	0
We need your input: Do you think global warming is caused by humans? Click Link #environment #green #climatechange #sustainability https://t.co/NwfF3Z2gOo?https://t.co/tusr4QS3sb	0	True	1	1	0
We bring you Environment and climate change news;@ClimDevAfrica ,@UNFPAELO ,@UNEnvironmentNA ,@WorkingForest ,@AfricaWeekUK ,@EUEnvironment https://t.co/QjHAlx7vjn	0	False	0	0	0
3/ ‚Ä¢Gender, Environment &amp;Climate Change;  ‚Ä¢Gender, Media &amp;Information Communication Technology (ICTS); ‚Ä¢Gender &amp;Disability  ‚Ä¢Gender, Culture &amp;Region  Its time to comply with the statutes of the National Gender Policy and constitutional provisions that promote gender equality https://t.co/xKJaqebxEq	0	False	0	0	0
Watch: Seven questions with Andrew Scheer (one is about Maxime Bernier) https://t.co/Pwdke3vAmKhttps://t.co/Rj7dFYhOAb	0	False	0	0	0
RT @sciam: Opinion: We need to capture carbon to fight climate change https://t.co/hxLdVpJ903https://t.co/0ZNKEJq79s	0	True	1	1	0
Local climate change intiatives have impact, but need national government support https://t.co/xBQi3YT6zOhttps://t.co/Gx7x3PMOGa	0	True	1	1	1
This is Jeffrey Chiodo, who suggests Molotov Cocktail firebombs be tossed at Cider Riot and the customers, on the Patriot Prayer facebook page. These are the kinds of terrorist threats that Patriot Prayer has been facilitating for years. https://t.co/X5xjbhwatT	0	False	0	0	0
@TajinderBagga @narendramodi @ianuragthakur @AmitShah @smritiirani @amitmalviya @PiyushGoyal @arunjaitley ‡§¶‡§ø‡§ï‡•ç‡§ï‡§§ ‡§Ø‡•á ‡§π‡•à ‡§ï‡§ø when no one on earth had a digital camera how come Mr Modi had one and even email account? https://t.co/pbNKrVEHj9	0	False	0	0	0
Crypto Panic: Will Ethereum Surge Past $300 When Bitcoin Finally Corrects? https://t.co/TPgta1aSrH üôãCrypto Cashflow via ‚Üí https://t.co/4sRUrToww3https://t.co/W4CFRVDrz5	0	False	0	0	0
Bitcoin [BTC]: Crypto-enthusiasts warn people to tread carefully as market pumps https://t.co/LL4qnGHJzGhttps://t.co/M2IWrF8a3l	0	False	0	0	0
Happy bday to one of my my fav artist and Atlanta‚Äôs finest Andre 3000 aka 3stacks. Maybe two of the best to ever do it in their own professions. ü§∑üèΩ‚Äç‚ôÇÔ∏èüêê....@calvinjohnsonjr . üêùüêùüêùüêùüêùüêùüèÜ. GTech can‚Äôt wait to see them both this fall when we take The Flats. üòé https://t.co/LA8GyrPWsw	0	False	0	0	0
Tap into this debate! Discover how technology is an integral part of the strategic themes for #digitaltransformation. https://t.co/RFbha48zlv https://t.co/KmCSK8VucF	0	False	0	0	1
‚ÄúI later transferred the encrypted files that control access to these Bitcoin in 2011, as explained below. In June of 2011, I took steps to consolidate the Bitcoin that I mined with Bitcoin that I acquired and other assets. In October 2012, a formal trust document was executed‚Äù https://t.co/M5LCxdCs5X	0	False	0	0	0
Poodle update. He just needs to finish a few antibiotics (easy, he gobbles them down) his eyes look clear, mom checked for infection like the vet showed us. His eyes just need to calm down from the fuss, and furs need to clean up from ointment https://t.co/3Hf2gbTgj5	0	False	0	0	0
From Anderson Township‚Äôs Facebook Page:  And the winner is‚Ä¶   Thanks to all who submitted playful photos for this year‚Äôs Independence Day Parade photo contest!  Jessica Cunningham‚Äôs photo was selected the winner and captures the color and patriotism from that morning. https://t.co/mVIQmGKqMh	0	False	0	0	0
Science Communication Workshop for @UM_CEBAR (Centre for Research in Biotech for Agriculture) researchers at the University of Malaya - where Dr Mahaletchumy trained the researchers on how to communicate their research to a layperson. https://t.co/0Ij93qbsLa	0	False	0	0	0
New post (Leicester City Partners With Xpress Money) has been published on Cryptocurrency Market Capitalizations And News | MarketsCapCoins - https://t.co/Fq2oJWSx3t https://t.co/W7VJHlJota	0	False	0	0	0
Safari Capri Sun Labels Digital Download | Etsy https://t.co/hkXyiOY3BC   Coupon Code: Use the link below to take 20% off your next order!  https://t.co/FdWinGbnjG https://t.co/N6avGkmwES	0	False	0	0	0
Good luck to Elliot Giles, Jamie Webb and Kyle Langford as they prepare for tonight‚Äôs 800m semi finals at the IAAF World Championships in Doha https://t.co/j7Xp49G1CO	0	False	0	0	0
Grade1 USA used Intel dual core  Brand name : Acer Model: Aspire one HDD : 250gb  Ram : 2gb Screen size : 10inch  Memory card slots : MMC. MS. MS pro. SD 4 USB Port HD Webcam yes  Wireless network WiFi : yes Battery backup : 4hrs  Microsoft package : windows 7 installed Price:35k https://t.co/oXbPPrNe8o	0	False	0	0	0
Trending fairy Jongdae in Korea‚Äôs trends (updated):   &gt; Jongdae‚Äôs fansign &gt; Soondingies &gt; Doctor‚Äôs coat &gt; cardiothoracic surgery https://t.co/ykWKmL5G2N	0	False	0	0	0
Today I chaired the biweekly Council of Ministers Meeting. We discussed several issues including security, trade, women affairs, &amp; telecommunication related issues as part of today‚Äôs agenda &amp; made the needed decisions. https://t.co/U4ZQZjhGnb	0	False	0	0	0
Teamfight Tactics (Riot Games, 2019) https://t.co/j3VAqz1myZ	0	False	0	0	0
Yesss Charlie! I was the first to meet with Charlie Hecht when he had the idea to start his Patriotism Project  He's such an inspiring and determined kid, I'm glad he's getting that recognition nationally!   https://t.co/FJcfnUTm8E via @WTKR3 https://t.co/M4GtdCTfrT	0	False	0	0	0
Google Branches Into Banking, Is It a Threat to Bitcoin? https://t.co/58AfLv97ke https://t.co/XiwSOgdSnf	0	False	0	0	0
In the spirit of Black Friday/Cyber Monday, all of my kits at https://t.co/8xfNc5Ug6H are 10% off! Make sure you enter ‚Äú10-OFF‚Äù at checkout to get the discount. https://t.co/qBUVBFQXZF	0	False	0	0	0
IoT security design is complex. Join the IoT Peer2Peer January 3 @Mev_innovation to learn how to reveal likely threats, understand risks and evaluate strategies to protect your devices and data. https://t.co/8Ssm6LX4L2https://t.co/9svkcJ4PIJ	0	False	0	0	1
Stopping by Andorra on our way South.  Hoping to meet the King.   Peddling Cryptocurrency's dark side - Centralized, privacy devouring, as a way to rule the world.   Or perhaps I'm peddling something else. https://t.co/UuxHLdobBi	0	False	0	0	0
Dear @TheTweetOfGod   This gentleman from my country, India claims that his mobile phone was dead for 15 days.  After he applied some 'special oil' which he brought from your center, his phone could switch on.   Didn't know that you have got eBlessings too üòÇ https://t.co/OMX1JC8zJk	0	False	0	0	0
- the first chinese person who got the coronavirus #coronavirus https://t.co/wnQ8nuvKBO	0	False	0	0	0
RT @erikaxgio: Stay safe out there #coronavirus https://t.co/2tP9HtjQSS	0	False	0	0	0
Yeah just heard the coronavirus has spread to where i live so ima just never go outside ever again :) https://t.co/WvsbAjDpdh	0	False	0	0	0
Crash Site Video | Coronavirus Flight | High Rise Fire | Patch PM https://t.co/3VsW4WIAoN https://t.co/jSEudP9t9a	0	False	0	0	0
Me after getting the coronavirus https://t.co/7VYpr2TSpc	0	False	0	0	0
Really want to get these coronavirus jokes off but imma be called racially intolerant https://t.co/ci6Vcgfqm5	0	False	0	0	0
Time-lapse footage shows Wuhan building its second coronavirus hospital with 1,600 beds https://t.co/ipsWBOvobc https://t.co/H06QZDyBfh	0	False	0	0	0
@Lardman316 @beazer86 Mate they only coronavirus you‚Äôve got is from drinking to much of these https://t.co/onQmsIJIa5	0	False	0	0	0
im sick today, we coronavirus üòÇüòÇüòÇüëèüëè https://t.co/mZgKNyGBav	0	False	0	0	0
$APT back over $6 y‚Äôall....... this is one of the best of the best #coronavirus tickers imho!!!!! https://t.co/fpTTKYIldz	0	False	0	0	0
in summation..... we‚Äôre fucked #coronavirus https://t.co/CDIDSJVkkV	0	False	0	0	0
That #coronavirus reminds me of Planet of the Apes. When it got on humans it killed them and it spread so easily with a simple sneeze or cough.  The sequel to the movie there was only a few humans left on Earth.  Was the movie telling us something? https://t.co/uS7fXyjRPF	0	True	1	1	1
Wuhan Coronavirus and the Tacitus Trap https://t.co/i1F5jfcPwc https://t.co/iG9uOmeKkQ	0	False	0	0	0
We‚Äôre committed to supporting the global response to the #coronavirus by enabling access to the latest available research, evidence, and data on our dedicated page. All content is free and will continually be updated. https://t.co/lrjLr05d7t https://t.co/IftR9LjRko	0	False	0	0	0
Airlines Face Growing Pressure From The Coronavirus ‚Äì Fitch Ratings https://t.co/b0QIQs5GEdhttps://t.co/scm9T2jjx6	0	False	0	0	0
@MartinSLewis Hi, My employer has terminated my contract with 1 week notice. They gave the reason for my termination as Covid-19, I work in digital marketing and had been working from home. They refused to give me the Furlough scheme even though I have requested to be on it. https://t.co/HTtktvBKcD	0	False	0	0	0
With telecommuting way up in @bellevuewa due to COVID-19 &amp; increased telecommuting, there are fewer cars on the road. But that doesn't mean you get to go faster than the posted speed limit. It applies no matter what, so slow it down! Vision Zero: https://t.co/etU6onmqnC; @bvuepd https://t.co/m8Pijcqu9M	0	False	0	0	0
A large theropod from the Elliot Formation, Dracovenator regenti lived in the early jurassic of South Africa being a major predator of the varied herbivores that existed in the region, including small sauropodomorphs and the minuscule ornithischians. https://t.co/8B9vYOpiL4	0	False	0	0	1
The pivot to whiskey https://t.co/ekXCPm8ZnN https://t.co/7aaearrBmB	0	False	0	0	0
In PDX, we‚Äôve had smoky air for 3 weeks &amp; just broke a temperature record: 30 days of +90F this year. #climatechange is real. I wonder how life will survive, what will adapt. We‚Äôll need each other more than ever in the coming years. üåäüíô https://t.co/SG4i0lzM6j	0	True	1	0	1
Can sound connect us with climate change?   Find out at @MFJMonash's 'Sonifying Climate Change in Australia' Media Matters Seminar.   Monday August 27, 4.30pm-6.00pm, Room S901, Building S, Caulfield Campus. https://t.co/nY3GtodQLq	0	True	1	1	0
What is the purpose of the Intergovernmental Panel on Climate Change? https://t.co/wwdORYyv3J #climatechange #climateaction  #environment  #energy https://t.co/E5cTBrHANP	0	False	0	0	0
Climate Change Facts About Our World Governments https://t.co/KPihCXzzvp https://t.co/aDeAPqjlUZ	0	False	0	0	0
How can nature teach us to live in accordance to her, instead of destroying her? Learn more here: https://t.co/I7Y5LKgxnf #climatechange #climateaction  #environment  #energy https://t.co/mrLUrcj5di	0	False	0	0	0
@jeremynewberger @tedcruz But will he reply?  My question is, Has Ted Cruz changed his view of climate change? Does he believe as many people do, that we are flirting with human extinction? https://t.co/3DleoSqMl2	0	False	0	0	0
One tree can start a forest. https://t.co/Mj2DeG1bzs #climatechange #climateaction  #environment  #energy https://t.co/aV1pbbZuYi	0	False	0	0	1
Worldwide Geothermal Energy Potential: https://t.co/LVGD1qdYt6 #climatechange #climateaction  #environment  #energy https://t.co/CYzenJBVG5	0	False	0	0	1
@LisaThompsonMPP @RodPhillips01  Has @fordnation forbidden you to talk about global warming? It is probably the most important issue facing children today. @sunlorrie @OttawaCitizen @CBCPolitics @globeandmail @TorontoStar https://t.co/x1iDBXSo50	0	False	0	1	0
@DynastyCraig your a clown - this Twitter for DFS purposes only, next your gonna tweet out the earth is still flat, global warming is fake news . When u see this logo on DK and FD i want you to think about me.üòÇüòÇüòÇüòÇüòÇüòÇüòÇhttps://t.co/Bj4xCR41hl	0	False	0	0	0
Climate Change and Dystopian Stories: A Conversation with J.G. Follansbee https://t.co/8HEBIvlD5vhttps://t.co/P7BHZwjvWu	0	False	0	0	0
@ProfTerryHughes ‚ÄúThese findings will continue to guide us as we confront the apocalyptic threat of irreversible #climatechange,‚Äù @JerryBrownGov   Assessment ‚Äòpaints catastrophic picture for rest of the century: worsening #wildfires, eroding beaches and rising temperatures‚Äô https://t.co/Y4r7K7uVkDhttps://t.co/RoV61PSPdS	0	True	1	1	1
A new visualization turns global warming into pop art, via @EARTH3R https://t.co/0dkCE8rlBchttps://t.co/uwOYkJmOlx	0	False	0	0	0
Trees are my temples and forests my cathedrals. ~M.Gorbachev https://t.co/Mj2DeG1bzs #climatechange #climateaction  #environment  #energy https://t.co/7aEPPvn2vk	0	False	0	0	0
Can we afford our appetite for concrete in an era of climate change? https://t.co/2UwyiAICmHhttps://t.co/x58UTumdQZ	0	False	0	0	1
Destruction of the Biosphere, Timeframe of Global Climate Change: A Last Ditch Strategy to Fight for Human Survival  https://t.co/zRfWimOoob https://t.co/uaW34rjaUn	0	True	1	0	1
RT @ClimateTracking: https://t.co/WxGLIwSAnV   Report on this year's pivotal climate change conference with us! https://t.co/zOlKuaU9FL	0	False	0	0	0
What is sustainable agriculture? https://t.co/wwdORYyv3J #climatechange #climateaction  #environment  #energy https://t.co/mdXqbSO277	0	False	0	0	1
Climate change could render many of Earth‚Äôs ecosystems unrecognizable https://t.co/3P3h96iTlNhttps://t.co/5rFIjdOdQA	0	True	1	1	1
"Rave by Dennis Addams https://t.co/bgCqKxXlJt Techno, Electro, Acid, Hardtechno, Rave, Festival, Synth, Hard, Party, Effect, ""Tech House"", ""Minimal Techno"" https://t.co/PSS82FvFt7"	0	False	0	0	0
@JackieFarnham And it's returned. This is existential. Mad props to @pam_brundige for her tireless energy and deep patriotism. https://t.co/4g7yLX0TeM	0	False	0	0	0
In this webinar, discover how AWN CyberSOC‚Ñ¢ can secure your #cloud: https://t.co/zMEqRtP9Pg #cybersecurity https://t.co/M1z5SPgZMR	0	False	0	0	1
4 Basic Digital Marketing Options We Forget About https://t.co/O1VxRIVBEh https://t.co/lWhDdTxQ0m	0	False	0	0	0
TONIGHT | Oh My Techno x M√∏dular.   LINE UP //   Tech Rider N√òRDIC S T Œî D I G   Entrance: R100   Where M√∏dular. | 34 Riebeek Street | Cape Town   RIGHT OF ADMISSION RESERVED - Oh My Techno https://t.co/G3SDld8SI4	0	False	0	0	0
"at night (original mix) by Dee FrangyS https://t.co/s5hb4Jl0mk Progressive, 2019, ""Minimal Techno"", ""Tech House"", ""Dee Frangys"" https://t.co/QxdCCbnqjY"	0	False	0	0	0
Making Predictions with Data and Python   ‚òû https://t.co/7D30lsRtQx   #machinelearning #datascience   ryMy5-KG2E https://t.co/HJlPW9SvpJ	0	False	0	0	1
Buy Bitcoin With PayPal! Also with CC, paysafecard, Skrill, OKPAY https://t.co/Qdq3dxXr95 #btc #bitcoin 14 https://t.co/E4uBUrj74E	0	False	0	0	0
I love that Venom and Symbiotes in general have been crawling outside the shadow of Spider-Man to have their own corner of the Marvel Universe with their own lore, history, characters and stories. Truly it makes me happy to see how much they have grown over all these years. https://t.co/YsizlwXezV	0	False	0	0	0
If Bitcoin (BTC) Turns $11,300 Into Support, Bull Run is Back On https://t.co/7pDt8HymJg https://t.co/QvnIzMv7ev	0	False	0	0	0
Cybercrime Magazine homepage update. Latest #cybersecurity facts, figures, predictions, and statistics; expert contributors, podcast videos, #cybercrime infographics, women in cyber, careers, and more. Published by Cybersecurity Ventures @CybersecuritySF https://t.co/pk1oMNg2nf https://t.co/kdTtD5ubDd	0	False	0	0	0
France‚Äôs Declaration on International Law in Cyberspace: The Law of Peacetime Cyber Operations, Part II https://t.co/z3KzmNULlT https://t.co/f32sWveWxF	0	False	0	0	0
Let me be clear about one thing: this is not a gleeful time for our country. All 535 congresspeople should be putting patriotism over partisanship, putting our oath to defend the Constitution ahead of our political agendas for the future. https://t.co/NNst7rcjjS	0	False	0	0	0
@poconoraceway @Elliott_Sadler @NASCAR_Trucks Why yes, yes I was. https://t.co/4hQfxBXn1E	0	False	0	0	0
Recently asked if anyone had comparison of PE investing in digital health vs VC investing.   My hunch was rt, PE investing dwarfs VC. ATHN alone was more than all of digital health VC investing in 2018   Thx Bain https://t.co/PTimQNRKJO	0	False	0	0	0
This one was more than I could handle His jaw is rotted, he has magots in his mouth the smell is sickning I couldn't stay for the cleaning I'm sorry. The vet says she can only try with intense antibiotic for 15 days &amp; deep cleanings He deserves a chance at life without pain https://t.co/Jcdd9Uv8cm	0	False	0	0	0
Remember way back when in issue #666 where Eddie Brock captured and FistFucked Spider-Man using the symbiote as lube https://t.co/GLBJ8Zf0sk	0	False	0	0	0
GG2020 demo character select looks like it's from a modern mobile game https://t.co/T88gLKruvA	0	False	0	0	0
6 Ways IoT Is Improving The Lives of Animals @TheIoTMagazine  https://t.co/d9d5UlaSIp https://t.co/7HSpbh47We	0	True	1	0	1
PhillyVoice is looking for Marketing Solutions/Sales Consultants!   As part of our team, you'll have opportunity to leverage your own relationships, create new ones, and work with clients throughout the region in the digital marketing space.   More info: https://t.co/h75aIx1jgM https://t.co/As9AEdltYf	0	False	0	0	0
&lt;+‚Äî‚Äî+&gt;GLOW SKIN&lt;+‚Äî‚Äî+&gt;   ‚Ä¢ only $3 ‚Ä¢ accept PayPal and Bitcoin only ‚Ä¢ for sale at 4pm gmt (11am est) ‚Ä¢ terms and conditions below   1 RT will get Glow for free ^*^*^*^*^*^*^*^*^*^*^*^*^*^*^   -~-~-~-~-~-~-~-~-~-~-~-~-~-   rts and vouches appreciated -~-~-~-~-~-~-~-~-~-~-~-~-~- https://t.co/AUYpufw3iL	0	False	0	0	0
Why China Is Banning Crypto But Is Bullish on Blockchain https://t.co/qxf4TGquPc https://t.co/QeEWDeBxJf	0	False	0	0	0
For a limited time, all Naxos digital downloads are 50% off at @HDtracks! Get deep discounts on over 900 titles, featuring artists like @BorisGiltburg, @symphoo, @marinalsop, @nashvillesymph, @DetroitSymphony, and many more!   Check it out here: https://t.co/Z7fKknoAeL https://t.co/BmI7f6WOHl	0	False	0	0	0
FULL LIST: Countries Where Coronavirus Has Been Confirmed https://t.co/sLI2hR825j https://t.co/MxbwnuPfqS	0	True	1	0	1
NOW: Department of Health presscon on novel coronavirus https://t.co/WcAX2bSBtz	0	False	0	0	0
#coronavirus we survived listorosisi without stopping eating kota ...I bet they won't stop drinking corona https://t.co/K1HmrhkNkR	0	False	0	0	0
Can‚Äôt get the coronavirus ü¶† if I never leave my house https://t.co/ccdUflQy1V	0	False	1	0	0
What Will It Take to Stop Coronavirus? https://t.co/A10Yw2igBD https://t.co/dy2UpAME5K	0	False	0	0	1
‚ÄúThis could be a massive disaster‚Äù: What happens if the coronavirus hits China‚Äôs internment camps? - https://t.co/PoLUw5hDUK https://t.co/mNRpk42oG5	0	False	0	0	1
When are we evacuating the Pakistani students in Wuhan?   #coronaravirus https://t.co/uTI0wHPm4a	0	False	0	0	0
US agriculture secretary unsure if coronavirus will slow China's farm imports https://t.co/GIic2sP2d9 via @Reuters https://t.co/822umJhWak	0	False	0	1	0
Of the 206 ppl in JPN coming from WH, 3 were confirmed. What's the estimated no. of cases in Wuhan? (10 mil * 0.014), which agrees with 1. the three social media screenshots and audio msg by local docs 2. People's Daily's quickly deleted #100kbed# hashtag misstep. #coronavirus https://t.co/URKKOORuR9	0	True	1	1	1
2/5 Q. Should I be worried about #coronavirus?  A. It‚Äôs appropriate to be concerned and to take steps to protect yourself and those around you from infection. https://t.co/NIdnAZ0pbX	0	False	0	0	1
i told my cousins about the first confirmed case of deadly novel coronavirus here in the Philippines but i accidentally said Cornelia virus instead of corona virus smh https://t.co/LwiJjwCemq	0	False	0	0	0
A guide to coronavirus face protection https://t.co/dhYB7yr33l https://t.co/UHAOCYruSY	0	True	1	0	1
Have you had contact with novel coronavirus cases? This is what you should do if you're a public health professional / healthcare practitioner: https://t.co/y2Y5akVCcM#2019-nCoV https://t.co/OxxRJxLDP2	0	True	1	0	1
RT @annoyyyinlady: Mood #coronavirus https://t.co/EH0iIqt3BZ	0	False	0	0	0
This is a super quick drawing I made so please dont focus on my quality, my intention isnt to brag about my skill rn it's to brag about my digital notebook and how happy I am to be able to make digital art with and actual pen and paper like the 21st century neanderthal i am https://t.co/uplElNlqb0	0	False	0	0	0
Ease of profit with the free daily search and collect 1000 pieces, then pull them on the myetherwallet,the currency price today $0.048 $ * 1000 = 48$ And remember that the season for digital currencies is on the rise https://t.co/llfV4RURru   @cctip_io  airdrop 2004000 AFDLT 50 https://t.co/n1dxsHtEEv	0	False	0	0	0
"A pair of stirring dramas written by Robert Bolt, ""the dean of screenwriters,"" to whom Quentin Tarantino dedicated his recent Golden Globe win! A MAN FOR ALL SEASONS (1966) screens in I.B. Technicolor 35mm tonight (Monday) at 7:30pm with THE MISSION (1986) at 10:00pm. https://t.co/g50AOtc11z"	0	False	0	0	0
How to register cybercrime complaints online read more https://t.co/s9ATyp2ZMH https://t.co/ICowycKvkO	0	False	0	0	0
We heard there was a shortage of toilet paper because of the coronavirus...   so, we called up our friends at @QuiltedNorthern and struck a deal to give you all free bitcoin AND free shipping on all your toilet paper needs. https://t.co/b3zRkTlwfM	0	False	0	0	0
My 5G Theory Does Not Concern Other Pastors - Pastor Chris Oyakhilome https://t.co/iSLkpuPfh4	0	False	0	0	0
üóûÔ∏èIoTeX News Digest EP 88   1Ô∏è‚É£ IoTeX joins Amazon and Huawei as the new Co-chairs of the Blockchain Task Group of the Industrial Internet Consortium (IIC)  2Ô∏è‚É£ Community Vote - Extension of the Foundation Bonus   More information ‚û°Ô∏èhttps://t.co/OYcnDt9V6N https://t.co/PQPGo3Vre6	0	False	0	0	0
@JustinTrudeau @jjhorgan Did you have a chance to talk about the environmental impact of BC's new LNG plants as a contributor to the global warming that is responsible for BC's wildfires? https://t.co/n0GI2VxbKb	0	True	1	1	0
What is the reality of climate change that is facing us? How likely is it that we will limit warming to 1.5, or 2 degrees? @GreenHouse_UK &amp; Green European Foundation discuss these questions and more this September.   Secure your free ticket here: https://t.co/GIC4uQxs7U https://t.co/MNyNs7ek1Q	0	True	1	1	1
7 Principles for Solving Climate Change with Clean Technologies https://t.co/6z6lUNx10O https://t.co/eLuellFSW3	0	True	1	1	1
Five community-based programs that are helping people confront‚Äîand cope with‚Äîthe mental health consequences of climate change: https://t.co/bCojuygkP3 via @yesmagazine https://t.co/NqktbnX0TD	0	True	1	1	1
short-assed racist marxist thug &amp; mental retard al sharpton says the murder of south african farmers is not happening... but then he also claims cleopatra was black &amp; global warming is a bigger threat to folks in south chicago than gang violence. prick of the year - every year! https://t.co/6aM9r1fVQP	0	False	1	0	0
The Coca-Cola bushes are blooming early this year. God damn global warming. Thanks Trump. https://t.co/ya9XG7VUbb	0	False	0	0	0
Why does climate action require consistent finance flows and funding? https://t.co/T7OFYoZrUi #climatechange #climateaction  #environment  #energy https://t.co/QDp1vqF1z4	0	True	1	0	1
@Renate1217 @bharley71 Yeah it‚Äôs wet out in London. Can everyone buy a V8 coz I prefer global warmingüòÅhttps://t.co/W5XCfLHpjM	0	False	0	0	0
Mother Jones Should We Relocate Species That Can't Keep Up With Climate Change? Mother Jones Now, it may be up to humans to move sequoias and their close relatives, coast redwoods, to new homes. As temperatures rise and the world's climate rapidly‚Ä¶ https://t.co/SaAa9q39mj https://t.co/OQ6we1JXgp	0	False	0	1	0
RT @jcdal: #3 solution to reversing global warming @TheMADFeed https://t.co/DicoxXxwG8	0	False	0	0	0
What does planting trees have to do with saving the environment? https://t.co/MPVLDEnDkE #climatechange #climateaction  #environment  #energy https://t.co/gtEmwplHTf	0	True	1	1	1
How Cleantech Investments Bring Significant Benefits in Tackling Climate Change: https://t.co/7z78rXVLRj#climatechange #climateaction  #environment  #energy https://t.co/EJxF47Heh1	0	True	1	1	1
The New York Times: 12 artists on Climate ChangeXavier Cortada?s ?Underwater HOA, Marker 8,? 2018, part of a site-specific, participatory art installation.https://t.co/OK14KWpU8u https://t.co/bTVPUhJY7Lhttps://t.co/CfaFqpxsF4	0	False	0	0	0
@BillKristol Will he come armed with snow balls? ü§î #climatechange https://t.co/f27Mw6NXPY	0	False	0	0	0
You can now bet for and against ‚Äúglobal warming‚Äù with an online ‚Äúclimate bookie‚Äù https://t.co/CWiuw92B7whttps://t.co/YVSHogppMW	0	False	0	0	0
RT @NigelFenwick: You Need A Plan To Adapt To Climate Change ‚Äì Today https://t.co/jzsIMjywqMhttps://t.co/idHCWeJSQ2	0	False	0	0	0
RT @SmithMadchen863: Think climate change is bad?  The earth is burning! https://t.co/2OEP3eOpkMhttps://t.co/9hYSRuS0uX	0	True	1	1	1
Imagining What Birds Think of Climate Change https://t.co/bI1SoipsiK https://t.co/FJ5J8tW7SI	0	False	0	0	0
How do trees and forests protect us from climate change and global warming? https://t.co/Mj2DeG1bzs#climatechange #climateaction  #environment  #energy https://t.co/GZHdZf9Qau	0	True	1	1	1
Global warming is real, people. https://t.co/NT98lxrp7o	0	True	1	1	1
Climate change cuts the shipping route between China and Europe by 5,000 miles. With a distance of 8,000 miles, container ships would arrive about two weeks faster.   Political scientists should be studying its economic and security implications.  https://t.co/ea1v539ci8 https://t.co/YLSOQQUdC3	0	True	1	1	1
Why is Arctic climate change a global problem? https://t.co/eIivtE0BwL #climatechange #climateaction  #environment  #energy https://t.co/PWWfL4Tzfk	0	True	1	1	1
I was plsd to host Canada's @ec_minister Catherine McKenna at @CityKitchener today to meet with local elected &amp; community leaders to discuss climate change and challenges we all face. Encouraged by fed'l government's willingness to work with us to meet our 80/50 targets. https://t.co/stb5qBBjru	0	False	0	0	0
Irish Times UN climate change body to focus on making communities resilient Irish Times The world's leading expert body on climate change, the UN Intergovernmental Panel on Climate Change (IPCC), will concentrate future efforts on providing solutions and‚Ä¶ https://t.co/6GMz4fvEj2 https://t.co/bI3ua8LKD7	0	False	0	0	0
RT @EurasiaReview: Adapt, Move Or Die: How Biodiversity Reacted To Past Climate Change https://t.co/jBFzzsWjb9 https://t.co/aRlxtkJ3ZG	0	False	0	0	1
Day and weekly tickets are available on our mobile app - your phone is your ticket! https://t.co/xfqgXpEhY2https://t.co/SoL0DoMOds	0	False	0	0	0
1 BTC Price: Bitstamp 8831.16 USD Coinbase  USD #btc #bitcoin 2019-06-15 12:10 https://t.co/tEfcPkf8LU	0	False	0	0	0
Do they allow sitting on the drinks box in the PL technical area @morriskid?   Welcome home. üíôhttps://t.co/MvSFn8Z0zV	0	False	0	0	0
New digital health platform to help those with cancer scoops award https://t.co/p5li6cCvzUhttps://t.co/UFYYGfQ6PD	0	False	0	0	1
Turn on notifications for @get_pei and reply with a screenshot - We will hook you up with some bitcoin üíØ  Limited time only! https://t.co/jFvbuSpvV3	0	False	0	0	0
very rare: Roland SH0 -the Techno Synth https://t.co/pdEGn5vW4h	0	False	0	0	0
free sketch #¬ø for @Techno_God111!  Acid Goblin hacks nemitz's computer. That is of course only the monitor but nemitz is ignorant and probably thinks that part is the computer. https://t.co/nIn5FeeaKm	0	False	0	0	0
The ride has been a roller coaster at times, but somehow the spirit of Yes always seems to rise above and shine through. - Geoff Downes   From the booklet included with YES 50 LIVE, available now as 2CD, 4LP, and Digital Download.   https://t.co/RU6Dhwcu2d https://t.co/UeoQZFFXqL	0	False	0	0	0
FinTech is evolving rapidly, and its implications for payment processes are growing exponentially. Learn more from our Enterprise Payments experts on how this could streamline your business: https://t.co/tsNoJ3xzs3https://t.co/yphZ3L5UPQ	0	False	0	1	0
Research shows: cybersecurity Infrastructure is viewed as a ‚Äòtangible asset‚Äô in M&amp;A   Read the blog &gt;&gt; https://t.co/ErftiOr5ST https://t.co/CzWHX24bm4	0	True	1	1	1
I study blockchain. It shouldn‚Äôt be used to secure our elections https://t.co/uGrS7E8ZFu https://t.co/3vV4TeLqqv	0	True	1	0	1
Johannesburg Authorities Refuse to Pay Hackers‚Äô Bitcoin Ransom https://t.co/4K15LpXi4Whttps://t.co/Ggi3Pq2XWb	0	False	0	0	0
Bitcoin Fell 50% From $6,000 in 2018 After this Key Signal Lit, and it‚Äôs Flashing Again https://t.co/wQbubHVbHR	0	False	0	0	0
@Saint_BITCOIN @bitcoin2020conf These guys need the bubble balls instead. Much safer. https://t.co/cboDmXLM3Y	0	False	0	0	0
Question, how do you book your tee times? Mobile App, Online or old fashioned phone call? https://t.co/3cNAZHSuOZ	0	False	0	0	0
As part of @coindesk's 2019 Year in Review, CEO @mikejcasey considers how the past decade has paved the way for the age of cryptocurrency. https://t.co/Y85TIvhbxG https://t.co/yzA6wdAAMJ	0	False	0	0	1
Old Years Night the 7th Day of the 12 Days of Christmas, guests have arrived, some seeking refuge from pyrotechnics, others to see in the New Year with friends, everyone is feasting and sharing the story of How The Animals Got Their Tails all are content, all is peaceful https://t.co/PDq9MySC8B	0	False	0	0	0
Big fan of Financial Education e.g @finimize + people finding the best option for them.  Not a great UI designer but still proud of this #fintech @figmadesign. ft personal favourites like @marcus_uk &amp; @freetrade. https://t.co/1JuJ1nwD6v	0	False	0	0	0
CACTUS JACK FOR HOT WHEELS. FORGIATO. JBL. RIOT SHIELD !! FOR A COUPLE HOURS DONT SLEEP https://t.co/AJ4e7OI3tq https://t.co/vD5jPwryGa	0	False	0	0	0
Bitcoin has to retrace soon   Bitcoin: https://t.co/eIL7sHrXZ2	0	False	0	0	1
Please remember that we are closed today in observance of Martin Luther King, Jr. Day. You can always conveniently access your accounts by using our 24/7 services such as Online &amp; Mobile Banking by visiting here: https://t.co/ByiLKsl25M https://t.co/vR5yRI8QOb	0	False	0	0	0
Ready Player One - Vfx Breakdown https://t.co/xcTMado35z   Digital Domain https://t.co/nm2ZOukWD1https://t.co/tin7V95Grr	0	False	0	0	0
Alipay gives nice real time easy to read geolocated updates for Wuhan Coronavirus (I set city to Beijing). The green number = recovered patients. Red is confirmed infected, gray = dead.  Of course, app also reminds you can buy, eat, play on Alibaba platform without leaving house. https://t.co/RHw9LeendS	0	False	0	0	0
24.2k tweets later and they‚Äôre still not spelling ‚Äúcoronavirus‚Äù correctly lmao https://t.co/KNTLGwlYBp	0	False	0	0	0
From store closures to coronavirus, retailers face challenges in 2020 ‚Äî but no apocalypse https://t.co/0JVuq11eNphttps://t.co/CrpCe5mYKw	0	True	0	1	1
@gorskon I had some lady on Twitter tell me that the flu vaccine insert says it can cause coronavirus. This was the picture she sent me. I tried to explain it to her but I would have been better off teaching algebra to my 1 year old. https://t.co/2vrfDz8FKA	0	False	0	0	0
I'm in an apocalypse:' American student trapped in coronavirus-hit Chinese city https://t.co/E7kL8Zigjahttps://t.co/8OiDycQZBA	0	False	0	0	0
Coronavirus is going to wipe us out before we can know what the hell is going up there bro this shit sucks https://t.co/44NqaMoL0m	0	False	1	0	0
@justinsuntron @Tronfoundation I'm wondering how you wanna get to Wuhan through all those road blocks... #coronavirus https://t.co/KcBUGNRZR4	0	False	0	0	0
RT @OfficialAbdiel: This really the Coronavirus?! https://t.co/3YXEv39caQ	0	False	0	0	1
If you know you know #coronavirus https://t.co/isN1LgyyUn	0	False	0	0	0
m-mobile game.   wen qing?????? hand in marriage ma‚Äôam? https://t.co/Yn7tHDEJhF	0	False	0	0	0
Filipinos: Chinese entry ban pls  PH Gov't: no  Coronavirus: hello  PH Gov't: https://t.co/Mywd350U5g	0	False	0	0	0
Curious about the Coronavirus? Where it came from &amp; why? Or Autism, Alzheimer's, Addictions, Antichrist, Bitcoin, Creationism, Evolution, Libido, Mass Human Extinction, Murder, Political Cowardice, Suicide, Why Cops Kill? Many Answers Are  In My Book: https://t.co/LiX5IFJ1dI 41 https://t.co/4erZ2sWvun	0	False	0	0	1
Counter-Strike, Overwatch League, and Pok√©mon events called off due to the coronavirus https://t.co/XmbjbmCjdahttps://t.co/bLBdRwQks6	0	False	0	0	0
Ten-year-old boy raises fears coronavirus could spread undetected https://t.co/bsUhaDFBHVhttps://t.co/o7QjvX7tpP	0	False	0	0	0
"30 years ago, US Secret Service agents raided Munchkin publisher Steve Jackson Games. They were there to seize what they believed to be ""a handbook for computer crime"". In reality, it was a cyberpunk tabletop RPG. https://t.co/vMdu7hiO3l https://t.co/Sn9JMcvY5r"	0	False	0	0	0
For organizations to realize the level of deep security integration necessary to achieve and maintain a truly digital society, #cybersecurity leaders need to address four fundamental challenges. Read more: https://t.co/TbmsHvZ5SHhttps://t.co/EKejrt7pg9	0	False	0	0	1
RT @igent_io: 'Pandemic drone' could join COVID-19 fight #iot #iiot   https://t.co/AVxCMVKIpMhttps://t.co/BcTBmUVzen	0	False	0	0	1
Toilet Paper Token AirdropMoney-mouth face   Receive 200.000 TPT (~194$) and 35.000 TPT (~34$) for each referral.   Join Airdrop Campaign: https://t.co/vVeKbnrHPz . #airdrop #bitcoin #btc #blockchain #cryptocurrency #altcoin https://t.co/JIkfQ2fSF9	0	False	0	0	0
Hello guys so far we've experienced a lot of uncertainty in the stock market with traders running at loss but hey here is your chance to make the best of it  Inbox me now to get started today   Make your money do the better work investing in bitcoin and foreign exchange markets https://t.co/edjz2YzWFX	0	False	0	0	0
Anyone seen Johnny? üéÆ   The Cyberpunk 2077 Limited Edition Controller. Available Now: https://t.co/eip46PP8i0https://t.co/gbWGvcgkUc	0	False	0	0	0
How Can Greenhouse Gases Be Removed From Earth¬¥s Atmosphere? Learn more here: https://t.co/eVjMWlTVv2#climatechange #climateaction  #environment  #energy https://t.co/QZCtwSACEl	0	True	1	1	1
How climate change is changing lives https://t.co/UU6gCCDeae https://t.co/8yhj4LgGsi	0	True	1	1	1
@dougmcneall @jamesannan A photo of climate change https://t.co/l2s9k8dkB6	0	False	0	0	0
"@punkassaudrey I'm still working on this one... I get an unsettling feeling that there's an external force that may be causing the weakening of the magnetic fields... When I hear ""pole shift"", just like ""global warming"", I think, ""Why are these ideas promoted??""... Is there more to the story?? https://t.co/y5zGfZ3Ue0"	0	False	0	0	1
Oil companies want taxpayer dollars to protect their facilities against...climate change https://t.co/i4Nn8jCpYbhttps://t.co/OnbFTZFl2q	0	False	0	0	0
PA15/Art.9.3. As part of a global effort, developed country parties should continue to take the lead. https://t.co/nb9jeqOkzU #climatechange #climateaction  #environment  #energy https://t.co/eLpD3zl4ga	0	False	0	0	1
What Purpose Does The IPCC Serve? Learn more here: https://t.co/xobgwIbXGR #climatechange #climateaction  #environment  #energy https://t.co/cntYMBMfLb	0	False	0	0	0
T Agitprop: 12 Artists On: Climate Change - https://t.co/5rV08DHQS2 -  Advertisement   T Agitprop A dozen artistic responses to one of the greatest threats of our time.   By Zo√´ Lescaze   Aug. 22, 2018   Human-induced climate change, which certain politicians deny and m... https://t.co/mlvFZXVWFK	0	False	0	0	0
Is this the worst climate change polling question ever seen? https://t.co/nq0v9EZWtu https://t.co/vUcJhULpQN	0	False	0	0	0
@ed_hawkins I can't wait until the people who think scientists are lying about human-driven climate change just for profit find out about corporations and businesses. https://t.co/YdEFJDoOqQ	0	False	0	0	0
Relics of outback Australia https://t.co/iOHZj6AVdy #climatechange https://t.co/KBTFdrBHzI	0	False	0	0	0
What Is The Purpose of A Carbon Market? Learn more here: https://t.co/3mcIg15pUY #climatechange #climateaction  #environment  #energy https://t.co/eEhQwze1yU	0	False	0	0	0
Hot take (boomboom): If the hockey stick graph doesn‚Äôt scare you shitless, fuck you, you‚Äôre part of the problem. https://t.co/pW53CxrG6M https://t.co/UabfPVmYs4	0	False	0	0	0
@AustralianLabor &amp; @Greens are just like fake Christians when it comes to science. When science tells them something they can accomodate Eg climate change &amp; renewables - they‚Äôre all for it. But when it says we need to limit population, they ignore it. Big Australia here we come.. https://t.co/G4NyuFoXWo	0	False	0	0	0
The effects of #climatechange we are already witnessing and the dire scenarios for our future can make me feel despair. But it‚Äôs also a motivation to fight and set us on a different path.  Comment: https://t.co/yAsxH6eUc4https://t.co/RAKxFGxgod	0	True	1	1	0
Assembly member @laurafriedman43 speaking out on floor in favor of sb100!  Yay! Passionate about stopping climate change https://t.co/GeMJwHuCcg	0	False	0	0	0
What is meant by sustainable economic development, and why does it matter for the Arctic? https://t.co/eIivtE0BwL#climatechange #climateaction  #environment  #energy https://t.co/9aaMzAtkby	0	True	1	0	1
@Reuters Nothing to see here. No climate change. This is all normal. Move along and turn on your AC https://t.co/jxqo8edZem	0	False	0	0	0
Nice to see from the @_BTO article, generally trending upward üìà‚ÜóÔ∏è‚ÜóÔ∏è‚ÜóÔ∏èGrey herons could benefit from the warmer winters of climate change. Though cold extremes which are also possible could undo that. Celebrate every Heron you see! https://t.co/2fmZpfUSjH	0	True	1	0	1
True Reformers for New York‚Äôs Senate - https://t.co/y9qR7tViOt -  Beyond the chance to shake things up in Washington, this fall‚Äôs elections present voters with an opportunity to support reformers around the country who are out to change the political climate from the ground u... https://t.co/O18kscviGc	0	False	0	0	0
The Carbon Bubble links the stock market to climate change. So what does that mean? https://t.co/LMx4Etj6c1https://t.co/GWz26kVGZJ	0	True	1	0	1
Paul Hawken talks with the American Institute of Architects AIA Committee on the Environment about transforming cities into carbon sinks, the role of architects in reversing global warming, and more... https://t.co/jKkCDMLDt5https://t.co/DPBlRLC9rL	0	False	0	0	1
More fires, flooding: 7 climate change predictions in new report https://t.co/yDh84XjUJ3 https://t.co/IxxZEeX6rK	0	False	1	0	0
Davos: 5 things companies need to change in response to global warming https://t.co/GOZmeNRxKhhttps://t.co/T226WREYd0	0	False	0	0	0
‚Äù...you know... people think it‚Äôs heredital that their kids get asthma... when the truth is, that they‚Äôre getting fucked over.‚Äù Mark! Lopez on the climate change impact in local communities in CA https://t.co/aFqx6E6Zi5	0	False	0	0	0
New post (Leadership must act now on climate change) has been published on - https://t.co/CE46EphQ6w - https://t.co/8hbcQsvgk4 https://t.co/O2a37w7QBC	0	False	0	0	0
@double_moonbow Hi I'm Jack, a digital artist who really loves Vento Aureo   I draw for fun but my commissions are always open ü§óü§ó *check pinned tweet https://t.co/oGPr7DsSKJ	0	False	0	0	0
If you were to make a smart move and choose a mobile app category, which one would you pick? Well, we have made it so easy for you! Read about the most lucrative app categories here https://t.co/oyiB4NDKi2https://t.co/omDTx5zJ5C	0	False	0	0	0
Want to see more of Kyle Kriesel of @DTmodelmgmt, check out the premier issue of @fashionablymale Magazine. This sexy shot was taken by @shotbylester.  Order your digital copy here: https://t.co/HYSkEVTiR4https://t.co/AvMJsNvcSh	0	False	0	0	0
Blackbug Virtual Reality Glasses 3D VR Box Headsets For 4.7 Inch Mobile Phones &amp;#8211; White   https://t.co/dwVXeCLhxj https://t.co/6iz1C3kEsF	0	False	0	0	0
AK66 6 Finger Mobile Game Controll...: List Price: $13.47 Deal Price: $9.89 You Save: $26% https://t.co/2knmYwhg7e https://t.co/ZQ1WFYgpE8	0	False	0	0	0
The Four Main Types of Cyberattack That Affect Data Center Uptime   Here are the most common types of attack that bring down data centers. DDoS, Ransomware, External Access Services, Application Attacks   https://t.co/vCLBxZffBw https://t.co/p97Hz6V0ji	0	True	1	1	1
Acutronic Robotics closes after financing plans fall through  https://t.co/nhkuAW8Z4V https://t.co/Cb5spmSo2j	0	False	0	0	0
@Kyuubeeb Hello! I‚Äôm Kate and I‚Äôm a 5th year BFA student who loves digital illustration, here‚Äôs a small selection of my work from the past year. https://t.co/3kRJSZ9qJ6	0	False	0	0	0
Join us on Wednesday morning for our Patriot‚Äôs Day Memorial. Wear your Red, White, and Blue. https://t.co/tE4e4mmrD6	0	False	0	0	0
You should take care of your finances this weekend.  Or you could enjoy one of the last warm weekends by heading out to the beach. With Libro‚Äôs mobile app, you don‚Äôt have to choose. Create a new savings account, pay bills, and much more from just about anywhere. https://t.co/TSRzTuN2F0	0	False	0	0	0
Why Progressive Web Apps Are The Future of Mobile Web: https://t.co/YFRtpulTmA - well put together overview with lots of great references and case studies! https://t.co/QMUJfOCPal	0	False	0	0	0
News release: @mccneb partners with @facebook to deliver new online digital marketing program   https://t.co/96PDdKw5Ay https://t.co/dUmqpxGyV6	0	False	0	0	0
@adulawo @obinna_70 @Rayscode @PoliceNG_CRU @officialEFCC @AJEnglish @BBCWorld They are prepared for this, anti riot tear gas launchers, water cannons and riot police APC‚Äôs Have been deployed to police commands across the nation. https://t.co/aWIe9sl8Uq	0	False	0	0	0
"China's state controlled television explaining the basics of ""first ever blockchain application"" #bitcoin $btc, and how a distributed ledger works   Imagine 1.3 billion people got to know bitcoin because state made an effort to explain how it works. https://t.co/VcIMlxmkQM"	0	False	0	0	0
@no_silenced 68‚Äô Cutlass Oldsmobile Supreme w/650 rocket motor. A hand me down from grandma. (Not the one pictured) https://t.co/8QGCoqrLOK	0	False	0	0	0
How blockchain could solve Facebook and Twitter‚Äôs political ads problem https://t.co/eS52FxARZ4 #blockchain #socialmedia https://t.co/Rn4JTfiPqF	0	False	0	0	0
Tactical reports should be configured &amp; delivered in a way that outlines business-oriented risk metrics that provide InfoSec teams and Business stakeholders with the visibility they need on the spot. https://t.co/vUIKBeegep  #cybersecurity #databreach #ransomware https://t.co/c5QvMekVL5	0	False	0	0	1
@CaseyAffleck1 @Randy_Couture @McConaughey @BenAffleck @zachbraff @JimmyKimmelLive @JimCarrey @mattreevesLA @maxsmerling @makeitright @JeromeBaker420 @GIassPipes @Waterpijpbong @BonginGlass @chameleonusa @RedbeardGlass @SaltGlassArt @TheBernGallery @4point0glass @cornerstoneglas @edrosenthal @stevedeangelo @Svante_Thunberg @IsraelCannabis @BedrocanInfo @GrnOrganicDutch @Neuro_Congress2 @CanopyGrowth @Aurora_MMJ @KirkTousaw @JustinTrudeau @havapoel @rjpbaan @KUBO_nl @SchoutenLegal @ToineMandersEP @joepvanmeel @BitCoin_Invest_ @rhylbitcoin @company_007 @1F_sts @VINAY99996 @MaJaVi_ @rlpams @asr3followoc @EliasTheodorou @Lunar_eclipse71 @Ricknroll02 @DrMansoor01 @narendramodi ..was to accuse them of being involved in heresy or magic. But others say they had the holy grail.* Or did have evil intentions; there are a lot of ‚Äòconspiracy‚Äô theories.   *That‚Äôs not really a cup if you ask me. It‚Äôs true love.   The last 2 events could‚Äôve been planned to be on.. https://t.co/tAngfIMdMN	0	False	0	0	0
Remember to check in on the @steelers Mobile App at Heinz Field to score a special game day photo to post on social media! https://t.co/UK8cKCeNOy	0	False	0	0	0
Bitcoin to see 4800$ price level! https://t.co/BHXlsrFGbR üöÄ1X2T Token about to Mo0n? ‚ü∂https://t.co/ibHB6cxFSX https://t.co/yfbx64M6mU	0	False	0	0	0
U.S. financial institutions were surveyed about their mobile banking and payment practices: Banks and credit unions continue to develop new mobile banking products and enhance current ones to stay competitive.  Read the @BostonFed report here: https://t.co/FwRMjfz3Zh https://t.co/VBYxQ1FYEx	0	False	0	0	0
#coronavirus in a nutshell üòÇüòÇüòÇ https://t.co/EmPwUD6S3T	0	False	0	0	0
Misinformation about the coronavirus is threatening to overwhelm tech platforms https://t.co/9DLxEkAdlkhttps://t.co/jYXyBweJtm	0	True	1	1	1
RT @Reuters: Factbox: The new coronavirus - What is it and how does it behave? https://t.co/7gPPLDXf56https://t.co/4fGvNntJ9p	0	False	0	0	0
Yeap that‚Äôs my hobby. Outbreaks. #coronavirus https://t.co/0ruFX0mfDx	0	False	0	0	0
Concerned about the new coronavirus emerging from China? We asked an Oregon public health physician to answer five questions.  https://t.co/EYM6rXX0Wk https://t.co/Q15jzhaFSK	0	False	0	0	0
Coronavirus: what we do and don¬¥t know https://t.co/4f9tJHqPB6 https://t.co/pIuEPJz7wK	0	True	1	0	1
The #coronavirus has nothing to do with @Corona beer, despite what many people around the world seem to think https://t.co/xwjkAZz5LX via @nparts https://t.co/v44w1LPxH6	0	True	0	1	1
Steps Nigeria is Taking to Prepare for Cases of Coronavirus https://t.co/XUVNtfszeA https://t.co/CPQbiCIoEw	0	False	0	0	0
RT @agalab: Andrew Yang on Universal Basic Income, Cryptocurrency, Coronavirus https://t.co/wF1frp3EeDhttps://t.co/o7nyHqOkpf	0	False	0	0	0
Transcript of 2019 Novel Coronavirus (2019-nCoV) Update | CDC Online Newsroom https://t.co/IxcDRQfu6shttps://t.co/TIgSUxcmEz	0	False	0	0	1
"Dear @jack @Twitter Thank you for doing the right thing by putting the @CDC #coronavirus info at the top of the search. I appreciate that. There's a lot of fake news and links going around. Too bad it's impossible to report them.   Also, why has your ""News"" tab disappeared? https://t.co/XFISyOLkQ9"	0	False	0	1	0
RT @AndyVermaut: 'We are counting down the days to go', says Spanish national in Wuhan https://t.co/bkko5kWX4f https://t.co/cuXbrRHSz5	0	False	0	0	0
Kenyan Students in China Decry Slow Govt Response in Unfolding Coronavirus Epidemic https://t.co/enZpiSxxtBhttps://t.co/NS90hFF7mH	0	False	0	0	0
Is the Coronavirus the new plague? https://t.co/MCnGZjYCt0	0	False	0	0	1
Um, where did he get that mask? üëÄ üòÇ #coronavirus https://t.co/EZA00KU637	0	False	0	0	0
RT @xhamstercom: For those too worried about #coronavirus - we know how to help you relax‚ù§Ô∏èhttps://t.co/4XbMDdIu4U	0	False	0	0	0
Thank you #coronavirus https://t.co/mDrVa9htSI	0	False	0	0	0
The case for cooperative tech #startups - TechCrunch https://t.co/1wcTmgsrJ0 #fintech https://t.co/gBhPLJO5fE	0	False	0	0	0
Modern Warfare's 'Tomogunchi' digital pet lives on your wrist and feeds on death https://t.co/WLbq8UDh0fhttps://t.co/up08eQfxm7	0	False	0	0	0
ùêñùê°ùêöùê≠ ùê¢ùê¨ ùêúùê≤ùêõùêûùê´ùêõùêÆùê•ùê•ùê≤ùê¢ùêßùê†? Cyberbullying is when someone bullies or harasses others on the internet particularly on social media sites. Harmful bullying behavior can include posting rumors, threats, sexual remarks, a victims' personal information. ( a thread ) https://t.co/ZWwJRayZxT	0	False	0	0	1
@iamharaldur Always interested in having conversations on user interfaces that deliver great experiences for websites and mobile apps  https://t.co/awWQHsZJ3x https://t.co/NEqg6OyM4A	0	False	0	0	0
"Exciting :) Congratulations @Ripple and Southeast Asia!  ""FREE International Transfer service from Thailand to 4 currencies (USD, GBP, EUR and SGD) on SCB Easy Mobile App available 24x7x365.""   https://t.co/uEHjHbHDmGhttps://t.co/HvTV4tKFUa"	0	False	0	0	0
Fintech Apps Offer Financial First Aid For Hardest-Hit Consumers https://t.co/VODJ3hrdIg https://t.co/M6YtUKClHI	0	False	0	0	1
True fact: while cyberpunk depicted possible futures, they were sometimes inspired by the grungy past. This old paperback helped more than one cpunk describe their world. https://t.co/KeafrMOrRg	0	False	0	0	0
Easy game easy life wallah mobile game but somehow fun https://t.co/TgD2meRUEm	0	False	0	0	0
Climate change will push millions from their homes. Where will they go? Watch this video https://t.co/vxzmvY5NbIIn 2017, storms, floods, and droughts displaced 18 million people from their homes worldwide. @LibDems @soclibforum @AldesLibDems @libdemlocalgov @LibDemNewMember https://t.co/j4eV0NpgbI	1	True	1	1	1
Algae Bloom in Lake Superior Raises Worries on Climate Change and Tourism by CHRISTINE HAUSER via NYT https://t.co/oK1pXWCEsg https://t.co/B16q9ukx9Q	1	True	1	1	0
Why does agriculture emit so much greenhouse gases? Learn more here:  https://t.co/nb9jeqOkzU #climatechange #climateaction  #environment  #energy https://t.co/6Nx5oy3G9E	1	True	1	1	1
While the LNP are knifing leaders to stop effective action on climate change, the Palaszczuk Government has kicked off the establishment of CleanCo, Queensland's new renewable energy, publicly owned electricity generator.üå±üê® https://t.co/xACfGzvAKA	1	False	0	0	0
Science Magazine NASA's long-serving climate chief to retire next year Science Magazine Earth is calling Michael Freilich. After more than 12 years leading NASA's work in earth science and climate change, Freilich yesterday announced that he will be‚Ä¶ https://t.co/ZBDWu7Wbql https://t.co/SVzqba1tWm	1	False	0	0	0
Stratospheric Ozone Depletion Up to 45% Below Normal in the Arctic:  https://t.co/r3fQkMJ6Lf #climatechange #climateaction  #environment  #energy https://t.co/J7Lb5XRxwM	1	True	1	1	1
RT @a35362: Storm Death Toll in Puerto Rico Rivals 9/11: But Where Is War on Climate Change? https://t.co/isf0EtVIOf https://t.co/n8qkGbNnvr	1	False	0	0	0
The Ministry of Education, Technological and Vocational Training has advised that the Elliott Belgrave Primary School, at Gays, St. Peter, will remain closed tomorrow, Monday, May 27, to complete industrial cleaning at the school. It will reopen on Tuesday, May 28. (PR) https://t.co/ChOH0VLN4I	1	False	0	0	0
ByteDance, TikTok's parent company, plans to launch a free music streaming app https://t.co/3gt1EcjGr6 via @techcrunch https://t.co/lWuRvFF7cp	1	False	0	0	0
It is not Bitcoin going up-it's Dollar going down. https://t.co/do2T3GuZYB	1	False	0	0	0
China Has A New Crypto Weapon In Currency Wars.   All the top headlines in crypto. @Ripple making waves, @elonmusk supports @AndrewYang, companies use Blockchain's name in vain, &amp; much more. Check out the full report at https://t.co/LSx9hHSSeU https://t.co/qG0uwpPNIj	1	False	0	0	0
@fluffypony @BitcoinEdu Whereas many other ‚Äúprivacy‚Äù coins have optional privacy features, @PirateChain (ARRR) is a 100% private send cryptocurrency. ZK-Snarks technology is utilized to completely shield peer to peer transactions. This means that transactions are 100% private all the time. https://t.co/xS8gER9EAx	1	False	0	0	1
Basic Attention Token x $BAT  From the creator of Javascript and the co-founder of Mozilla and Firefox comes a blockchain token that is focused on user attention and being a disruptor to the advertising industry by providing a superior solution...   Easy to consume, Easy to read https://t.co/lNWwwV8Ufv	1	False	0	0	0
Google acquires Pointy, a startup to help brick-and-mortar retailers list products online, for $163M https://t.co/G07mO4W5wY via @TechCrunch #tech https://t.co/jTkieK0PHh	1	False	0	0	0
RT @UAENews: Coronavirus: First case confirmed in UAE https://t.co/HVKVydH3sX https://t.co/pSmFALRjup	1	True	1	1	0
RT @tamimi0x01: Here is today's update.. #coronavirus https://t.co/rKlcya9kEc	1	False	0	0	0
BREAKING: Authorities have confirmed the first case of Coronavirus in Queensland. This brings the nationally tally to 7. @9NewsAUS @9NewsQueensland https://t.co/X97NHEkGL4	1	False	1	0	0
SPORT:  Coronavirus: World Cup alpine skiing events in China cancelled https://t.co/jDZRmNFuGKhttps://t.co/YWVIMJvEL5	1	False	0	0	0
There has been a change in the agreed national advice about novel coronavirus for people who have travelled to Hubei Province in China. Up to date information: https://t.co/bHGiNQHz4t https://t.co/qedd9qaqAB	1	False	0	0	0
Families torn apart in scramble for flight out of Wuhan: Brit husband forced to leave Chinese wife https://t.co/5VfzADIOn9 https://t.co/Uu8Xh4AwVw	1	False	0	0	0
Government to help Canadians come home from coronavirus-hit region of China https://t.co/JUynuaotL4https://t.co/Rjv6KHHSQt	1	False	0	0	0
Another virus created to reduce the population of the world, What better place to start spreading the coronavirus then China, this virus will become worst then the ebola virus we was introduced to a few years ago. Rather it's eating bat soup or Wong tong soup. Life is good The L https://t.co/bkut0pTe7l	1	True	1	1	0
Latest count: Coronavirus by the numbers, as of January 29, 2020 https://t.co/HQGqEwZfgQhttps://t.co/kfF6m8dKgc	1	False	0	0	0
Local Government of Osaka at odds with the Japanese Government over Coronavirus https://t.co/tJXecZErV5https://t.co/QDBOnezury	1	False	0	0	0
via @BreitbartNews Apple's Supplier in China Says Coronavirus Won't Hurt iPhone Production https://t.co/O7GrTdOTIK https://t.co/r0AzDVSlji	1	False	0	0	0
*HEALTH ALERT* A confirmed case of Novel Coronavirus (2019-nCoV) has been detected in a hospitalized Chicago resident. @ChicagoCAPS07 has attached a flyer with further information on symptoms &amp; exposure, reporting, who to contact and further resources. https://t.co/scHMKGGtWT	1	False	0	0	0
Popular at EarthSky:   A report suggests that snakes might have been the source of the coronavirus that's triggered an outbreak of deadly infectious respiratory illnesses in China this year. üêçüò∑Read more: https://t.co/aTG2xoEHE9üëì   Image via Briston/ Wikimedia. üì∏ https://t.co/Qt5FhhvUy4	1	True	1	1	1
Duterte not banning flights between China and the Philippines amidst Coronavirus scare while banning his cabinet from going to the U.S. because Bato didn't get his visa. Are you all kidding https://t.co/tYRuWdb2Xf	1	False	0	0	0
China regulator approves charter flights to bring home Wuhan tourists https://t.co/E4WpK3vdj1https://t.co/EgGl6NCkHR	1	False	0	0	0
China‚Äôs Super League postponed because of coronavirus https://t.co/5AU0mUULv0 https://t.co/lJ9F5exejU	1	False	0	0	0
Three people in NL tested for coronavirus, all results negative https://t.co/warEiPRrDh @viru_d_great https://t.co/yXhkXyLLLP	1	False	0	0	0
Coronavirus Live Updates: Emergency Declaration Is Considered as Toll Rises | New York Times https://t.co/EMM7FTOpgZ https://t.co/XrFb9wxvGG	1	False	0	0	0
RT @johniloy: RT TO SAVE A LIFE!!! #coronavirus https://t.co/iuqQgrErUX	1	False	0	0	0
We are rich only if we control our wealth. If our wealth controls us, we are poor. Bitcoin price is amazing this period despite the lock down bitcoin is still increasing rapidly. I will advise everyone to buy now and buy more because you won't see such opportunity this year. https://t.co/7X4ETDbPaN	1	False	0	0	0
Firm launches first container ship through Arctic route in worrying sign of global warming https://t.co/L5qw72xvdvhttps://t.co/mFTlc552Ab	1	False	0	0	0
Why Arctic Hunting and Fishing Are Under Threat: https://t.co/2LaLSwgLEe #climatechange #climateaction  #environment  #energy https://t.co/SM0fqugH6n	1	True	0	1	1
I propose we stop arguing about #climatechange (it‚Äôs like talking to a brick wall) and instead let‚Äôs talk about NOT breathing toxic air. We can all agree on that right? ü§ÆüôÑhttps://t.co/svhEkC7Y1f	1	False	0	0	1
Research from Geruso and Spears shows large differences in infant mortality in developing countries due to heat and humidity. Climate change impacts *will not* be distributed equally and our policy should respond accordingly. https://t.co/3LRyLNp5yg https://t.co/fK0Foon3GF	1	True	1	1	1
Climate change may be opening up a new shipping route between China and Europe. https://t.co/Mv1g9aMYw2https://t.co/6QyU1yVEiH	1	True	1	1	1
What are some of the implications of climate change and changes in UV radiation for human health? https://t.co/ghgHOKuPXT #climatechange #climateaction  #environment  #energy https://t.co/XnebgfW0P0	1	True	1	1	1
The Older you get,  the more you Do NOT Care what People THINK About You, But the More You Think About What You Could Have Done BETTER... #climatechange will kill off the Human Species &amp; most other Life-forms upon this Planet. (PERIOD!) Please Think of your Grandchildren. i am... https://t.co/t0wvR0ttVA	1	False	0	0	1
Algae Bloom in Lake Superior Raises Worries on Climate Change and Tourism https://t.co/rbQHlNrgJvhttps://t.co/SHCdoovML5	1	True	1	1	1
The world is dangerously low balling the true economic cost of climate change.  Current best estimate is $535 trillion. https://t.co/K2iKmGhFfw @evolutionshift  @TheIntuitInvest  @EBotkinKowacki  @davidsirota  @jbendery  @KHayhoe  @TriplePundit https://t.co/3tpvQysRJt	1	True	1	1	1
@blockchain @AskBlockchain  many people received this email so gys dont login this spaming website its a phinishing page if you click and login this site then you loss your fund so keep safe.  please find out this spaming website  https://t.co/4rXmoXuVLP https://t.co/YR7MH9hXjF	1	False	0	0	0
Riot Police Lay Siege to Hong Kong University Occupied by Protesters - 31 photos from some of the most violent clashes to date in the 5-month-long pro-democracy movement in Hong Kong.  https://t.co/IWpVw9kF6Zhttps://t.co/YGDAWI4nVJ	1	False	0	0	0
RT csoandy: In GilPress‚Äôs roundup of Cybersecurity predictions for Forbes, I propose that AI will be HUGE! https://t.co/13FLrLdszu https://t.co/YLnYcZYP5b	1	False	0	0	0
[- Youtuber (EN) Altcoin Buzz -] BITCOIN SURGES PAST $8,800! BSV Moves Ahead of Litecoin | Electroneum in Africa https://t.co/RkMNj6glJC https://t.co/cfxh7lPAMG	1	False	0	0	0
US, Japan Evacuate Citizens from China as Coronavirus Outbreak Toll Rises to 132 https://t.co/GUkkHeELzbhttps://t.co/mNkc6V26e8	1	False	1	0	0
29 Jan 2020 : Singapore confirms 3 more cases of Wuhan virus. This brings the total number of confirmed cases in Singapore to 10. Prior to hospital admission, the 8th and 9th cases stayed with their family at their home at Lorong Lew Lian. The 10th case ‚Ä¶ https://t.co/5blZZKkopW https://t.co/kboOEEgXoX	1	True	1	1	1
Half of the Starbucks shop is closed in China due to the coronavirus... https://t.co/CCtDc9sdT2https://t.co/xFQW2KU612	1	False	0	0	0
The impact of the Wuhan virus will intensify before it gets better. Near-term pressure on the market is likely to create a long-term buying opportunity. https://t.co/TStUBwoMWK https://t.co/nz38oey1y8	1	True	1	1	1
Pneumonia: 2m children risk death in Nigeria https://t.co/fXLXMpXx4S https://t.co/ikCoOL6YW5	1	True	1	1	1
Air Canada cancels select flights to China as coronavirus spreads https://t.co/BhdiqHIgFQ https://t.co/dZRyyTpLRn	1	False	0	0	0
Worried About Catching The New Coronavirus? In The U.S., Flu Is A Bigger Threat At least 8,000 people have died from the flu in the U.S. this season. The good news: Easy steps you can take now to protect against the flu may also help you steer clear of t‚Ä¶ https://t.co/FSClksYp0v https://t.co/Ke2KcHQZ2h	1	True	1	1	1
Hawai‚Äòi Health Department Prepares for 2019 Novel Coronavirus: Advising Against Travel to China https://t.co/bF3ItoCL6J https://t.co/vNYJLNyJsY	1	False	0	0	0
Coronavirus Face Masks: Hoarders May Raise Risk of U.S. Outbreak https://t.co/yKODkMxDFmhttps://t.co/hncBhghGsE	1	True	1	1	1
Blizzard cancels Chinese Overwatch League matches over coronavirus fears. https://t.co/FPpIn0DBQzhttps://t.co/wqvDWwFGV3	1	False	0	0	0
Coronavirus death toll rises to 170 as nations accelerate evacuations from China https://t.co/h4kXqZywLAhttps://t.co/bRuUhkFSfB	1	True	1	1	1
Minister Mehmet Ersoy who said ‚ÄúThe epidemic should not harm the tourism‚Äù: We watch the coronavirus step by step. https://t.co/xxpBI7rLVF https://t.co/LGNCTdUSc7	1	False	0	0	0
PRESIDENT DUTERTE AND GOVERNMENT WAITING FOR US TO DIE! RIP PH üáµüá≠ #coronavirus https://t.co/zMTvv4pdXG	1	False	0	0	0
A student from Kerala, studying in Wuhan, is India's first case of coronavirus https://t.co/bW42kOOp5m	1	False	0	0	0
RT to save life #coronavirus https://t.co/T77SEX4MC9	1	False	0	0	0
Some Lunar New Year events in New York canceled over fear of coronavirus https://t.co/gj8xHNRE58https://t.co/0MHsKta4eA	1	False	0	0	0
Businesses, events shut down in China over coronavirus panic https://t.co/CIYZ7Pafrv https://t.co/Tk74M1CrLz	1	False	0	0	0
The Overwatch League is canceling all its February and March matches in China due to the ongoing coronavirus outbreak.   https://t.co/QBxgS06QTq https://t.co/fgkGsvuYv3	1	False	0	0	0
‚ÄòPathological‚Äô: Trump Cabinet member slammed for saying Coronavirus outbreak will bring jobs back to US https://t.co/itahJF3Pf7 via https://t.co/gVRWW4kYQahttps://t.co/q0lqDdlGrT	1	False	0	0	0
Cruise ship in Italy locked down over coronavirus fears https://t.co/nwIfxfVaUk https://t.co/KXKTF2wYOQ	1	False	0	0	0
French official: The sixth confirmed infection with the #coronavirus in the country https://t.co/0ZWFXDAFeW via @AlainBRK https://t.co/Csl5U1LfzF	1	True	1	1	1
Homeopathy effective in prevention of coronavirus infections https://t.co/Hgm3liiozl	1	True	1	1	1
Google Reinstates Bitcoin Rewards Game Suspended for ‚ÄòDeceptive Practices‚Äô https://t.co/aNss0LOo8zhttps://t.co/dTFeln7WJQ	1	False	0	0	0
I‚Äôve fought hard to hold @Equifax accountable for failing to protect Americans‚Äô data. China‚Äôs responsibility for this cyberattack underscores how serious this fight really is. The US govt must step up to ensure companies can &amp; will keep Americans safe. https://t.co/mhjoCMwH9w	1	False	0	0	0
Data Breach Occurs at Agency in Charge of Secure White House Communications https://t.co/XazhqUttS3 Don't leave yourself open to attack - implement security measures now. Let us help you find the right solution at https://t.co/cjd2u8Dj9x #cybersecurity #cyberaware https://t.co/pJoWhVEI4H	1	False	0	0	0
Florida‚Äôs red tide crisis shows how climate change will make the world an ugly place SARASOTA, FLORIDA, Aug. 22 All the water birds‚Äîpelicans, egrets, cormorants‚Äîare gone. Flies swarm the coast of the seaside city of Sarasota, Florida. Crows ca... https://t.co/jOhORR3n56 via @@qz https://t.co/tPN7xNYWAG	1	True	1	1	1
Climate change is real. Record-high temperatures everywhere are fake: https://t.co/OnDDhHlO76https://t.co/JLOvUm8Ygm	1	True	1	1	1
The here-and-now economic costs associated with climate change are rolling in like the tide (literally). https://t.co/kAmV720mJ2 https://t.co/37P46JfHI5	1	True	1	1	1
Methane Release Poses Climate Risks: https://t.co/MWkrYfuH2h #climatechange #climateaction  #environment  #energy https://t.co/syWK0VMN7l	1	True	1	1	1
RT ErikSolheim: When we restore our ecosystems we will be able to counter climate change, reduce poverty and halt biodiversity loss. Everyone wins! UNEnvironment stands ready to support a UN Decade for Ecosystem Restoration https://t.co/HSU0UeLwIh https://t.co/uuTwBO7CRK	1	True	1	1	1
Imagine if all this money were going in to permaculture projects the world over!!   *ALREADY* deployed! geoengineering is NOT the solution to global warming   We ALREADY have solutions to that: permaculture design, Holistic Management, Restoration @Johndliu  https://t.co/T0a4sKiBaW https://t.co/ZoXGxt8fTJ	1	True	1	1	1
@RT_com: Ontario Premier Doug Ford denies issuing directive to stop staff using term ‚Äò#climatechange‚Äô https://t.co/gYsjxVGaKL https://t.co/mUbHBGxYGF	1	False	0	0	0
Forbes Merkel Pushing Back Against Higher EU Climate Change Target Forbes In 2014, the leaders of the 28 countries of the European Union came to a difficult compromise on combating climate change ‚Äì agreeing to make greenhouse gas emissions 40% lower than‚Ä¶ https://t.co/tF2nVqlkVV https://t.co/b6buV2djoh	1	False	0	0	0
If the graph is correct, then I think current academic study on global warming is meaningless. We can easily find temperature of Ordovician is similar to today though CO2  is higher(about 4400 ppm, is about 10 times as now) than today. No wonder Newton choose to study theology. https://t.co/DLU6tAI0nD	1	True	1	0	1
Report: Climate change could reduce Sacramento Valley crop yields, water supply https://t.co/EgwUkpYO1vhttps://t.co/dn2xrODsVS	1	True	1	1	1
Africa to suffer major blackouts as climate change dries up hydropower dams, scientists warn - The Independent https://t.co/reIUnZS76O https://t.co/oE5zMAnVHX	1	True	1	1	1
11) What happens after global warming?@ClimatismBlog @Carbongate @DenierBot @FriendsOScience @NoTricksZone @ccdeditor @ClimateRealists @Carbongate @PrisonPlanet @JaggerMickOZ @ILuvCO2 @Innovabo @can_climate_guy @JWSpry @GillesnFio @RogTallbloke @zaruk @bobkopp @clim8resistance https://t.co/rqT7fBp8cW	1	False	0	0	0
New study: We have an opportunity to improve the health of global fisheries if we limit global warming to 2¬∞C and implement smart, adaptive fisheries management. https://t.co/HksI4g1eQA https://t.co/Ybop45ocfH	1	True	1	1	1
China's first 'cyber-dissident' handed 12-year jail term https://t.co/3cAD7NbLmW https://t.co/Ht9kGDiRcQ	1	False	0	0	0
China's Huawei to invest US$800 million in new Brazil factory amid 5G push https://t.co/X5spH9S9JRhttps://t.co/MOfcVckzOk	1	False	0	0	0
German Watchdog Warns Public About Alleged Hiring by Crypto Exchange CoinBene https://t.co/inzpXjE5pZCryptocurrency,blockchain,blockchainers https://t.co/nqbd5jderW	1	False	0	0	0
BitcoinAverage - bitcoin price index - ($ 8177.4) - https://t.co/z6cbnPDdmv #bitcoin https://t.co/k5rdqL2ryB	1	False	0	0	0
Payment solutions are the most significant area for #fintech investment in the WORLD, yet many shipping companies are still using paper money to pay their crews. Read more here: https://t.co/PNngFQ4mcchttps://t.co/QAo8K9x2y9	1	False	0	0	0
China is racing to build two hospitals in a matter of days as authorities fight to contain the deadly coronavirus outbreak. https://t.co/Pg3eBJMc4v	1	False	0	0	0
RT @JapanToday: 4 Japanese evacuees from Wuhan taken to hospital with fevers https://t.co/CGeDhABmMYhttps://t.co/JvIJfr31da	1	False	0	0	0
White House considers ban on China flights amid coronavirus outbreak https://t.co/UXGcK1Zbfbhttps://t.co/qo4SGOXMfi	1	False	0	0	0
#coronavirus Most patients can be cured. Those who dead are mostly elders or people with chronics. Source: ÁúãÁêÜÊÉ≥ WeChat account https://t.co/jT3IHm4E59	1	True	1	0	1
Air India, IndiGo Suspend Flights Between India, China Over Coronavirus https://t.co/yO1wsQdWtmhttps://t.co/wd6k7ZAbHc	1	False	0	0	0
will forever repost/share this. kay ang uban intawon ginajoke joke ra ning coronavirus but NO, IT'S HELLA SERIOUS. https://t.co/bmrghug8s4	1	False	0	0	0
Reps Ask FG To Declare Public Health Emergency Over Coronavirus https://t.co/CoitJjiBfQ https://t.co/O3bfyIrWiI	1	False	0	0	0
This graphic from @Healthline shows how contagious certain diseases are. I added a bracket for where #coronavirus would fall on this spectrum based on new @WHO data, as well as a Chinese and British study.   More to come on @cronkitenews https://t.co/8YfAQnrab3	1	True	1	0	1
Coronavirus: Australia plans island quarantine as foreigners leave Wuhan https://t.co/QJKK1xuR59https://t.co/qOfYJGcMG2	1	False	0	0	0
Coronavirus: @KharnLambert told us his concerns yesterday after the embassy told him his grandmother will have to find her own way home from the airport.   Moments later they changed their policy. All UK evacuees will now be quarantined for 14 days.   üéß Listen via @BBCSounds https://t.co/ozuSAQmlaM	1	False	0	0	0
South Korea also recorded 2 new cases today, and these are the first case of cross-infection of #coronavirus in the country. https://t.co/enLrJgWiQj	1	True	1	1	1
China‚Äôs Coronavirus Deaths up to 170, WHO Mulls Emergency Declaration https://t.co/j13KGsvXHuhttps://t.co/m5LpsESs6n	1	True	1	1	1
Flight taking British nationals out of Wuhan is delayed https://t.co/VFo1HcWQzw https://t.co/mrMluoIGAi	1	False	0	0	0
Ship containing over 6,000 people blocked in Italy on suspicion of  #coronavirus infection   LIVE: https://t.co/0IItDu6ohw https://t.co/IelqfFiW5k	1	False	0	0	0
Are you worried about catching the new coronavirus? Well, in the U.S., the flu is a bigger threat.  Washing your hands can significantly cut your chances of catching the flu or other respiratory viruses. https://t.co/iF3XRi3MRBhttps://t.co/Ls6mxMOd78	1	True	1	0	1
Americans evacuated out of Wuhan amid coronavirus scare https://t.co/cAHRmX2tXV https://t.co/Wiw0MAxy8b	1	False	0	0	0
Health Secretary Francisco T. Duque III Confirms First Coronavirus Case in the Philippines, Assures Public of Intensified Containment Measures https://t.co/l9WypYIahchttps://t.co/flwB8WAg0z	1	False	0	0	0
Coronavirus Death Rate update https://t.co/DWlnWYlYOZ	1	False	0	0	0
https://t.co/SjxIGdFkLj  #coronavirus spreading - 14 day incubation period....   @RealSamFaddis UPDATE: Russia closes border with China to stop spread. https://t.co/QFhbtLr5Sb	1	False	0	0	1
China plans to build a new hospital in just 10 days amid pressure to contain the coronavirus outbreak ‚Äî and the construction will be live-streamed on state TV https://t.co/Vt7zZ3eLM6	1	False	0	0	0
The coronavirus outbreak is now a global health emergency, WHO says https://t.co/qWDGYaROy5https://t.co/tBNtmkTLrG	1	True	1	0	1
üöÄ Arc-Iris Hydrogen Mining We prodact the nature and mine cryptos more profitableüí∞üí∞ We mine cryptocurrencies eco-friendly and to the success of our miners. Endeavor to invest in bitcoin and start trading today ü§óü§ó Invest Today In The Technology Of Tomorrow! https://t.co/lXLahhXt3z	1	False	0	0	0
@AdvoBarryRoux Bill gates and Patrice Motsepe same Whatsapp Group. In order for Bill Gates Microchip vaccines to Operate there must be 5G towards which our beloved so called  Breadwinner Patrice Motsepe is building. https://t.co/cGvVCCRuo2	1	False	0	0	0
Prime Minister Imran Khan planting a tree at the foreign office today. A symbol of Pakistan‚Äôs commitment to a green future and doing its part in reversing climate change. https://t.co/q6bPvlI0KJ	1	False	0	0	0
Beginning to sweat in a close race, GOP Rep. Mimi Walters ties wildfires to climate change https://t.co/rQdoAgUEoX (column by @hiltzikm) https://t.co/PiggYputWy	1	False	0	0	0
@VeraMark2010 @GlobalEcoGuy It depend how you define success solar clearly very popular in Germany with 41 GW of installed capacity  But that only equates to 8% of German electricity which will make negliable difference to climate change. https://t.co/zTmkI9Ej5X	1	True	1	1	0
Wildfires, Heat Waves, Sea Level Rise to Be Increasingly Destructive to California, State Climate Change Report Warns https://t.co/kF94smS7rj https://t.co/wa4ZBvkczC	1	True	1	1	1
Amid deadly fires and heat waves, 4 of California's largest health systems made a commitment to addressing the health impacts of #climatechange last week by forming the California Health Care Climate Alliance. https://t.co/M5Ag73REz3 https://t.co/c6dt66vvio	1	False	0	0	0
The Urban Heat Island Effect is a form of local climate change that we should be worried about.  Look at suburban L.A. which has warmed 6.5¬∞, has seen 84x the number of 70¬∞ nights annually than in the 1910s, and has had every month since June 2002 be above average. https://t.co/gAR5QPfZJs	1	True	1	1	1
@VanJones68 Auto Tires have been killing (hundreds of thousands), maiming, sickening (with carcinogens), polluting (40/second discarded), and promoting Climate Change FOR 100 YEARS, but no one cares, even when the solution will also bring an end to Poverty ($500,000,000/day). https://t.co/xHHxZfPcql	1	True	1	1	1
Global climate change is projected to cause increased pest-related crop losses that could compromise food security for millions, a new study finds. https://t.co/DKbkDFlWnT https://t.co/q6PEvwIaF4	1	True	1	1	1
StubHub now lets you buy tickets using Apple Pay in your mobile browser - CNET https://t.co/6EupCcwgQIhttps://t.co/K3OPlpyEwG	1	False	0	0	0
Billion Dollar Bitcoin Lawsuit Continues as Craig Wright Breaks Settlement https://t.co/ALml7D1WVBhttps://t.co/3Xu6KZJZvq	1	False	0	0	0
Quadriga: Lawyers request body to be exhumed of failed crypto firms CEO /r/CryptoCurrency https://t.co/8oA32jVczZ https://t.co/3lhivA422v	1	False	0	0	0
THE GLOBAL 5G LANDSCAPE: An inside look at leading 5G markets, key players, and how they are defining the future of connectivity https://t.co/PdclqKrjFohttps://t.co/2SZkX1s4Ch	1	False	0	0	0
Coronavirus: ‚ÄòBritish Airways HALTS flights to China‚Äô as deadly disease panic continues https://t.co/GCgJhlCnKLhttps://t.co/wo1ajB9gT0	1	False	0	0	0
Malaysia now has 7 confirmed coronavirus cases https://t.co/UbB3bUCpty https://t.co/HqTZilugT6	1	True	1	1	1
China‚Äôs first coronavirus hospital OPENS today https://t.co/RlEQRTriW5 https://t.co/p4Cr9hQDSw	1	False	0	0	0
DCP Dev Kumar issues final warning to those spreading fake news on coronavirus outbreak https://t.co/d15UhcsUku https://t.co/M9kt77U3xl	1	False	0	0	0
‚ÄòUtter chaos‚Äô: Coronavirus exposes China healthcare weaknesses https://t.co/vntLDMG04dhttps://t.co/DuEpmePvYq	1	False	0	1	0
The anti vaxxers are worried about the coronavirus but won‚Äôt get a flu vaccine. Which flu is much more dangerous this season. Smh üôÑ https://t.co/GOImGdyOhj	1	True	1	0	1
I think I have the coronavirus everyone stay away from me I search the symptoms and I have it. I have a runny nose https://t.co/PgfCFV5My1	1	False	0	0	0
Plane Carrying American Evacuees From China Amid Coronavirus Outbreak Diverted to California Air Base https://t.co/lKOflo0XuE https://t.co/JlQQ7iBpSJ	1	False	0	0	0
Coronavirus: Buhari govt orders all travel plan to China suspended https://t.co/8rPX37uO0V https://t.co/neZceI9ZIN	1	False	0	0	0
via @BreitbartNews Hong Kong Researchers Develop Coronavirus Vaccine, Need a Year for Testing https://t.co/7faymL0GuL https://t.co/3iJHBs2U23	1	False	0	0	0
First coronavirus case in British Columbia confirmed https://t.co/jwJri6OyiK https://t.co/4Nvak0Ez7r	1	True	1	1	1
Coronavirus: Death Toll Rises to 170 in China, WHO Emergency Meet Today. https://t.co/7sKGHbBUfE	1	True	1	1	1
China coronavirus: study places incubation period around 5 days https://t.co/YVStXX1B4BÊó•Â†±/english/china-coronavirus-study-places-incubation-period-around-5-days/https://t.co/2Hy1K1IJ16	1	True	1	1	1
VERY TROUBLING: Someone faked a @dailypilot story to falsely claim Coronavirus in Newport Beach and it spread across internet. Earlier this week there was similar hoax at USC https://t.co/oB9DxSo3pW https://t.co/32g8zEA7gF	1	False	0	0	0
Proof CORONAVIRUS is a BIOWEAPON patented by DARPA, Bill GATES, DEFRA (UK), ...&amp; EUROPEAN Commission (EU)  https://t.co/6OFpja6WHp THE SAME 2 PATENTS: UNITED STATES PATENT US 10,130,701 B2  https://t.co/KsdGxWnmqf EUROPEAN PATENT EP 3 172 319 B1,(GB) https://t.co/CtMqUNu7zchttps://t.co/6F3vuO6wau https://t.co/l15tdZtuK8	1	False	0	0	0
via @PerilofAfrica  India's Export Council Urges Gov't to Review Impact of Coronavirus 'Menace' on Trade with China: New Delhi (Sputnik): China, which is among India‚Äôs top destinations for engineering exports, is under the grip of the novel coronavirus ‚Ä¶ https://t.co/zv0hmlFhYS https://t.co/rZjiESNPIt	1	False	0	0	0
Coronavirus Outbreak Prompts Blizzard To Cancel Overwatch Events In China https://t.co/PMSB3MPjgBhttps://t.co/b0pQc8Bo0H	1	False	0	0	0
Coronavirus: French Asians hit back at racism with 'I'm not a virus'. French Asians have taken to social media to complain of a backlash against them in response to the Chinese coronavirus outbreak. https://t.co/qYqWGqo5fH	1	False	0	0	0
.@ONThealth No new cases of #coronavirus in Ontario, public health officials say https://t.co/fAUx467FYMhttps://t.co/E5S8R9ItTd	1	False	0	0	0
Important Announcement!   EVENTS POSTPONED   New Dates: World AI Show - Kuala Lumpur : 3 June 2020 World Blockchain Summit - Kuala Lumpur: 3 - 4 June 2020 World AI Show - Jakarta: 15 June 2020 World Blockchain Summit - Jakarta: 15 - 16 June 2020   DM for more details. https://t.co/vJr8lxtfAM	1	False	0	0	0
Just two weeks later, the gold price has nearly recovered from the 'crash', and so will Bitcoin https://t.co/ByyDV8iCpM https://t.co/BgtzDhA72u	1	False	0	0	0
@dorimonson Are you denying you deny the scientific consensus that humans are causing the climate to change? Or you just being pedantic with my wording? https://t.co/1zGYaKgoZM https://t.co/ctLUR1fS4w	1	False	0	1	0
Latest GWPF Newsletter: Australian PM Malcolm Turnbull Ousted Over Climate Policy Fiasco - Global Surge In Coal Use Scuttling Climate Change Efforts https://t.co/mSUoXbL6SH https://t.co/R5ctlWjbYV	1	False	0	0	1
What is the EU 2050 RM in terms of climate action? https://t.co/nb9jeqOkzU #climatechange #climateaction  #environment  #energy https://t.co/9kDusic3eX	1	False	0	0	0
Scientists calculated a 'point of no return' for dealing with climate change ‚Äî and time is running out   https://t.co/GfCArNBxaN https://t.co/Y81pbxr7GX	1	False	0	0	1
UK mobile operators seek 5G concession in exchange for rural broadband deal https://t.co/T95coFkmLkhttps://t.co/IU14bTfJo3	1	False	0	0	0
Owh no, Bitcoin dives below $8,000!üò±   Or perhaps this is a Sale?üòè https://t.co/kukrtwdjvl	1	False	0	0	0
CDPR has confirmed Cyberpunk 2077's character creator will let players choose their physical appearance and voice separate from their gender. https://t.co/w7GXOGiJ6fhttps://t.co/SmFecp06bE	1	False	0	0	0
Facebook Dating launches in the U.S., adds Instagram integration ‚Äì TechCrunch https://t.co/tl5pJ42wOghttps://t.co/5phrfwxZXf	1	False	0	0	0
One of the most significant improvements to the blockchain and cryptocurrency world this year unexpectedly came from China üá®üá≥   Chinese President Xi Jinping wants the country to ‚Äútake a leading position‚Äù in blockchain.  How will it affect the market? Share your thoughts below üëá https://t.co/GkbAgVS91R	1	False	0	0	0
"Bihar: Bodh Gaya Police arrested seven criminals &amp; recovered arms and ammunition, foreign currency, mobile phones from them. Rakesh Kumar,SP City says,""we have also recovered press cards from the possession of one of accused. Further investigation will be done."" (12.1.2020) https://t.co/2RBQYBJBBW"	1	False	0	0	0
RT @Datagraver: Status #coronavirus 29 January 2020 06:00 gmt https://t.co/SkkQLgonJJ	1	False	0	0	0
Coronavirus: British Airways halts flights to mainland China as cases exceed SARS https://t.co/0NMI5WaVWzhttps://t.co/oe79SmEF2o	1	False	0	0	0
More trouble as Coronavirus infects more than 6,000 in China, other countries https://t.co/gizZtLDoUHhttps://t.co/iBmDeaBoDa	1	True	1	1	1
UK officials are compelling British evacuees from Wuhan to be quarantined for 14 days over #coronavirus fears. https://t.co/uvqdI07SHY https://t.co/340aD5qYLM	1	False	0	0	0
Experts say flu is bigger threat than Coronavirus - https://t.co/IEyK7NYw0G https://t.co/6d9ksUKG1shttps://t.co/fBtpwpmZxk	1	True	1	1	1
Ming-Chi Kuo: coronavirus could hurt Apple production in 2021 https://t.co/JBrfiMg4Ah by David Pierini https://t.co/uDIQA4qSYT	1	False	0	0	0
World Health chief calls emergency talks on coronavirus https://t.co/DNK7pCR3Ft https://t.co/SDXrdtyaNo	1	False	0	0	0
Coronavirus ‚ÄòArrives‚Äô in the US. How Worried Should You Be? (Just a Little.) https://t.co/svOqp2kfJphttps://t.co/UDLHwhOfI4	1	False	1	0	0
British Airways cancels all flights to and from China until MARCH over Coronavirus fears https://t.co/gqllpgqiskhttps://t.co/XG5GDBqMZl	1	False	0	0	0
Over 10,000 Foxconn workers in Wuhan affected by China‚Äôs viral outbreak https://t.co/bimrdCFT3zhttps://t.co/1nTIC0zUKU	1	False	1	0	0
RT @tonyocruz: Our best defense against coronavirus is still the simplest: Wash hands often. https://t.co/dQXqOTz8Bb	1	True	1	1	1
Coronavirus: BMW shuts 3 factories in China https://t.co/hPvqZqC7oS https://t.co/QDSzXGbtq0	1	False	0	0	0
The total number of deaths from the coronavirus had risen to 170 in China. There are more than 7,700 cases now confirmed in every province and region in the country. https://t.co/wKQSBFMZbs	1	True	1	1	1
The World Health Organization's emergency committee on the novel coronavirus is meeting in Geneva today to discuss whether the outbreak centred on Wuhan, China constitutes a public health emergency of international concern. Latest discussion on what the virus should be labelled: https://t.co/yIKspZPrMf	1	False	0	0	0
Ethiopian Airlines suspends all flights to China amid coronavirus outbreak https://t.co/UQ90V7kHr6https://t.co/MlrtEF7kyt	1	False	0	0	0
Bitcoin Dips Below 6,741.3 Level, Down 5% - Yahoo Finance https://t.co/sRs68Apj03 https://t.co/pNqFxtpXTF	1	False	0	0	0
