text	scientific_claim	scientific_reference	scientific_entities
McDonald's breakfast stop then the gym üèÄüí™	0.0	0.0	0.0
The Impact of Infertility on You and Your Relationship http://www.momatlast.com/infertility/the-impact-of-infertility-on-you-and-your-relationship/	0.0	0.0	0.0
‚ÄúTraffic Jam‚Äù In Brain‚Äôs Neurons Could Be Cause Of Statin-Related Cognitive Decline https://www.redorbit.com/news/health/1112844192/statin-cholesterol-drugs-cognitive-decline-brain-neurons-051113/	1.0	1.0	1.0
Science sucks.	0.0	0.0	0.0
New post outlining SOLO mapping activity for Science http://www.betterscience.co.uk/betterscience-blog.html Perhaps useful for other subjects too.	0.0	0.0	0.0
RT @user: Barrick Gold reports $8.56 billion Q2 loss https://eu.rgj.com/article/20130803/BIZ10/308030019/1459/news	0.0	0.0	0.0
Sleep 'boosts brain cell numbers' https://zedie.wordpress.com/2013/09/05/sleep-boosts-brain-cell-numbers-2/	1.0	1.0	1.0
Please read this request and support this wonderful charity. Continue to pray for Helen Wade and Michelle... https://fb.me/27LiSJLj8	0.0	0.0	0.0
Versatile microRNAs Choke Off Cancer Blood Supply, Suppress Metastasis - Science Daily (press release) https://consent.google.com/ml?continue=https://news.google.com/?sa%3Dt%26fd%3DR%26usg%3DAFQjCNEShhscXXuBsfRLjBKJG4dG2YU_GA%26url%3Dhttp://www.sciencedaily.com/releases/2013/09/130911103327.htm%26utm_source%3Ddlvr.it%26utm_medium%3Dtwitter%26hl%3Den-US%26gl%3DUS%26ceid%3DUS:en&gl=DE&hl=en-US&pc=n&src=1	1.0	1.0	1.0
‚Äú@user: During Medieval times, red hair was associated with intense sexual desire and moral degradation.‚Äù @user	1.0	0.0	0.0
Wavy - Pound Cake (Freestyle): https://soundcloud.com/wavydiego/wavy-poundcake-freestyle - Support this record. I'm not the one just to send you anything @user	0.0	0.0	0.0
@user those eyes are a gift send straight from God boy!!! Hahahaha	0.0	0.0	0.0
#Multiple #Births Cost Significantly More Than Single Births, Study Shows https://www.foxnews.com/health/multiple-births-cost-significantly-more-than-single-births-study-shows	1.0	1.0	1.0
#WeLoveAndMissYouZayn #OneDirectionPleaseDoAFollowSpreeForNewYears Rt if u support gay rights	0.0	0.0	0.0
‚Äú@user: #CongBJPquitIndia Stop ur false propaganda http://t.co/Cp5NptVU0Q‚Äù#UnitedWithAAP	0.0	0.0	0.0
Law leads to guilt,guilt leads to struggle,struggle leads to failure,failure leads to more guilt,guilt leads to more sin + hopelessness!	1.0	0.0	0.0
@user #GOP #ImmigrationReform is still in ur hands #latism will not stop the fight #TNTweeters @user http://t.co/sxc5kcN1aw	0.0	0.0	0.0
@user Small step for man, quantum leap for particle kind! https://www.scribd.com/document/202806762/Alpha-Negatron-Hypothesis-Version-1-6-by-Pal-Sahota-Copyright-2013 & https://www.scribd.com/document/202806762/Alpha-Negatron-Hypothesis-Version-1-6-by-Pal-Sahota-Copyright-2013 https://www.scribd.com/document/202806762/Alpha-Negatron-Hypothesis-Version-1-6-by-Pal-Sahota-Copyright-2013	0.0	1.0	1.0
Blonde Girl Starts to Masturbate Leads to a Quick Fuck http://bit.ly/1j7joUe #movie #music #ass #lol #video	0.0	0.0	0.0
More great printing work by @user, helping us launch our new brand identity. http://t.co/1H2bbdpUir	0.0	0.0	0.0
‚Äú@user: Deep has got to stop being so deep‚Äù	0.0	0.0	0.0
Can't find the alien exercise	0.0	0.0	0.0
The underground just don't stop for hoes üòÇ‚úãüíÉ	0.0	0.0	0.0
Neurobiological Bases of Abnormal Aggression and Violent Behaviour https://fb.me/6qjxXjSbn	0.0	1.0	1.0
"Unbelievable day at #ACDIS2014 today. So many people saying the same thing ""No One Else Is doing that..."" Stop by Friday learn what THAT is!"	0.0	0.0	0.0
5 Surprising Ways Social Media is Affecting Healthcare ~ Social Media Frontiers: http://www.socialmediafrontiers.com/2014/05/5-surprising-ways-social-media-is.html#.U2ydZffKsxo.twitter	1.0	0.0	0.0
@user song has basically started a trend to stop bullyingüíñ #putastoptobullying2014	0.0	0.0	0.0
#Beijing, #China sees significant increase of armed #police presence on streets http://www.cnn.com/2014/05/13/world/asia/beijing-security-ramped-up/index.html?sr=sharebar_twitter	1.0	0.0	0.0
"""@user: DeSoto Need To Stop Spending Money On They Football Team Who Can't Win State & Fix These Bathrooms""üíÄüíÄüíÄüíÄ"	0.0	0.0	0.0
Came to a bus stop to watch the fireworks üòÇ	0.0	0.0	0.0
Learn from yesterday, live for today, hope for tomorrow. The important thing is not to stop questioning. - Albert Einstein	0.0	0.0	0.0
"""Shall we pray before we eat?"" (Note, this is what scholars call a 'rhetorical' question) #FirstDateQuestions"	0.0	0.0	0.0
truuu ‚Äú@user: Mixed signals are a bitch lol‚Äù	0.0	0.0	0.0
@user @user @user @user @user Same people who believe statistics are a science.	0.0	0.0	0.0
The head coach surveys the scene at Heritage Park http://t.co/yJrxAyPHTW	0.0	0.0	0.0
Adversity causes some men to break; others to break records.	1.0	0.0	0.0
#TelAviv: Israelis protesting against #GazaUnderAttack calling on Israeli government to stop the attack http://t.co/hyZA1OQGIW	0.0	0.0	0.0
"""Take aspirin every day for 10 years and cut your chance of bowel/stomach cancer but increase your chance of a stroke or internal bleeding."""	1.0	0.0	0.0
‚Äú@user: @user @user lovely night again ladies!‚Äù Gotta stop the espresso martinis though!	0.0	0.0	0.0
154 rat tumors #MTVHottest Example	0.0	0.0	0.0
All probably from a flea color.... This throwing ups gotta stop at some point right.... üòß	0.0	0.0	0.0
Desperate climate scam scientists explain away record high Antarctic sea ice extent as being caused by global warming http://www.latimes.com/science/la-sci-antarctic-sea-ice-20140830-story.html#page=2	1.0	1.0	1.0
Students need to support this team. These are your peers, exceeding expectations and quieting the doubters. They deserve your presence.	0.0	0.0	0.0
Bali Women's One Smooth U Side Support Underwire Bra - style 3547 #7111 http://ift.tt/1xCjAoi http://ift.tt/1xCjAoi	0.0	0.0	0.0
not a full extend bro stop ‚Äú@user: ‚Äú@user: Welcome back Kobe. http://vine.co/v/btljxQrlwbw he pushed off..... üòêüòêüòê‚Äù	0.0	0.0	0.0
Is Ebola a health care system mishap?	1.0	0.0	0.0
What if people treated physical illness like mental illness? http://t.co/QXS9fBP25P	0.0	0.0	0.0
Indonesia retrieves crashed AirAsia QZ8501's flight data recorder - Channel News Asia https://consent.google.com/ml?continue=https://news.google.com/?sa%3Dt%26fd%3DR%26ct2%3Dus%26usg%3DAFQjCNHgTBxrzigYLrsH4W1G6vtP-90LQA%26clid%3Dc3a7d30bb8a4878e06b80cf16b898331%26ei%3D5OOzVLjeEquJwwHTiYDoAQ%26url%3Dhttp://www.channelnewsasia.com/news/indonesia-retrieves/1584298.html%26hl%3Den-US%26gl%3DUS%26ceid%3DUS:en&gl=DE&hl=en-US&pc=n&src=1	0.0	0.0	0.0
Mfs be going over they data plan just to twatch people üíÄüòÇ	0.0	0.0	0.0
#FF to @user who proved, friendship is much more higher than any nationality...!!! Buzz Follow her for awesome tweets on your TL üçÉüíêüçÅüíêüçÉ	0.0	0.0	0.0
Twitter is rolling out an update to introduce group messaging and video support https://www.androidcentral.com/apps-software/twitter #android https://www.androidcentral.com/apps-software/twitter	0.0	0.0	0.0
Big Data, Big Obstacles: Towards a social science of #bigdata. TY @user et al. http://chronicle.com/article/Big-Data-Big-Obstacles/151421?cid=megamenu ‚Ä¶ @user	0.0	1.0	1.0
Eyeball Tattoos Are a Bizarre and Disturbing New Trend; http://hulotr012.dailyfunnypics.me/r/2Kxce http://hulotr012.dailyfunnypics.me/r/2Kxce	0.0	0.0	0.0
Coping with levels of explanation in the behavioral sciences https://www.frontiersin.org/articles/10.3389/fpsyg.2015.00213/full	0.0	1.0	1.0
Check out B HEALING STONE & MAGNET PILLOW (THERPIC)HELPS STOP PAIN IN THE BODY http://www.ebay.com/itm/B-HEALING-STONE-MAGNET-PILLOW-THERPIC-HELPS-STOP-PAIN-IN-THE-BODY-/390671143178?roken=cUgayN&soutkn=BQvvYr via @user	1.0	0.0	0.0
"ICYMI: Harrison Ford in ""fair to moderate"" condition after crashing his plane, US reports say https://www.abc.net.au/news/2015-03-06/harrison-ford-plane-crashes-at-la-golf-course/6285456 https://www.abc.net.au/news/2015-03-06/harrison-ford-plane-crashes-at-la-golf-course/6285456"	0.0	0.0	0.0
Psychedelic drug use could reduce psychological distress, suicidal thinking #science https://www.eurekalert.org/news-releases/789746 https://www.eurekalert.org/news-releases/789746	1.0	1.0	1.0
"How is a country that holds 25MILLION Kurds find pro-Kurdish protests ""wrong"", but avidly support pro-Palestine ones? http://t.co/5oeHcs7LXv"	0.0	0.0	0.0
@user @user Just need more playing time w/ each other. S'all good. Frustrating.	0.0	0.0	0.0
"""For some reason there are a disproportionate number of Patriots fans [working] in the White House."" -"	0.0	0.0	0.0
All approx. 1200 houses have been collapsed in #Barpak #Gorkha, epicenter of #NepalQuake reports state radio reporter from #Gorkha.	0.0	0.0	0.0
This is a child molesters dream -->> RT @user: Parents urged to support free-range (cont) https://www.twitlonger.com/show/njijhj	0.0	0.0	0.0
Her own idea a hidden ammonite loaf with hammer @user geologist despair #geobakeoff http://t.co/656piiQ2Bt	0.0	0.0	0.0
Nuke deal w/ #Iran increase terror #IslamicExtremism #StopGodFatherofISIS seeüëâ Video Clip üò¢? https://www.youtube.com/user/focusoniran https://www.youtube.com/user/focusoniran	0.0	0.0	0.0
#MSGDonated4Million to support the research of Thalassemia & AIDS cure	0.0	0.0	1.0
Wistrich's Last Article: stop downplaying #antisemitism in Muslim world & on world stage. http://www.humanrightsvoices.org/site/articles/?a=8352 http://www.humanrightsvoices.org/site/articles/?a=8352	0.0	0.0	0.0
'Virgin-born' sawfish are a first in the wild https://www.bbc.co.uk/news/science-environment-32958033?ocid=socialflow_twitter https://www.bbc.co.uk/news/science-environment-32958033?ocid=socialflow_twitter	1.0	1.0	1.0
Beauty Tips : Blood Sugar Support Cardiovascular Health Dietary Supplement (6 Bottles) http://dlvr.it/BDln3s #892	1.0	0.0	0.0
Treatment of #MetastaticColorectalCancer: focus on #panitumumab: http://www.dovepress.com/articles.php?article_id=22294 http://www.dovepress.com/articles.php?article_id=22294	0.0	1.0	1.0
Magic!!!!üòÇüòÇ #weirdwater #science #how? http://bestofvine.org/v/328487/magic-weirdwater-science-how http://bestofvine.org/v/328487/magic-weirdwater-science-how	0.0	0.0	0.0
#Deals : New Improved Unique Color Therapy Lamps Light Promotes Wellness Health http://rover.ebay.com/rover/1/711-53200-19255-0/1?ff3=2&toolid=10039&campid=5337535881&customid=twitter&item=301583020993&vectorid=229466&lgeo=1 #Beauty ‚Ä¶ http://rover.ebay.com/rover/1/711-53200-19255-0/1?ff3=2&toolid=10039&campid=5337535881&customid=twitter&item=301583020993&vectorid=229466&lgeo=1	1.0	0.0	0.0
Carrefour Reports Sharp Decline in Profit https://twibble.io #WSJ #USBusiness | https://twibble.io https://twibble.io	0.0	0.0	0.0
#ClimateChange & rising temps increase #health #risks in several ways: https://openknowledge.worldbank.org/handle/10986/20595?CID=CCG_TTccgEN_D_EXT #climateaction https://openknowledge.worldbank.org/handle/10986/20595?CID=CCG_TTccgEN_D_EXT	1.0	1.0	1.0
@user Tell Fulani settlers to STOP intimidating & terrorising indigenous nations in WestAfrica.https://punchng.com/news/biafra-matter-settled-in-1970-acf-tells-igbo/	0.0	0.0	0.0
Video: The process of hand making a book the old fashioned way is a lost magical art https://gizmodo.com/video-the-process-of-hand-making-a-book-the-old-fashio-1730207429?utm_source=dlvr.it&utm_medium=twitter	0.0	0.0	0.0
Patients w/ prolonged, undiagnosed medical conditions can sign up for national @user program seeking answers https://www.bcm.edu/news/undiagnosed-medical-conditions-network-online #rarepov	0.0	0.0	0.0
Tomato Planting Tips That Lead To Healthy Tomato Plants http://ift.tt/1PNco1U	0.0	0.0	0.0
Samsung Display Technologies Support Vision for Affordable Excellence in High Education. https://fb.me/24DVgeneh https://fb.me/24DVgeneh	0.0	0.0	0.0
George #Boole Boolean logic inventor b OTD 1815: his Cork plaque http://openplaques.org/people/3872 #Boole200 @user http://openplaques.org/people/3872	0.0	0.0	1.0
#EurekaMag Consumption and fate of aflatoxin B1 by lactating cows https://eurekamag.com/research/000/048/000048769.php	0.0	1.0	1.0
#start2016right What new habit, if you started now, would change your life? Join the Facebook group for support https://www.facebook.com/groups/1515792175380191	0.0	0.0	0.0
USB Quick Connect Mini Portable DR Video Recording Camera http://usa-dentist.info/sdn/tst/?query=161882583979 http://usa-dentist.info/sdn/tst/?query=161882583979	0.0	0.0	0.0
Attenborough: 'Solar energy should undercut oil.' He's bang on the money. http://www.bbc.co.uk/news/science-environment-34961336	0.0	0.0	0.0
#Honduran army goes to war against invading bugs https://phys.org/news/2015-12-honduran-army-war-invading-bugs.html	0.0	0.0	0.0
The low sun angle and the reflective surface of the fresh snow slowing the melting process of the snowpack #ndwx https://t.co/tIG2TYSw91	1.0	0.0	0.0
So do strippers just wait to be saved to stop being strippers ?	0.0	0.0	0.0
How will #climatechange affect food security? https://www.weforum.org/agenda/2015/12/how-will-climate-change-affect-food-security/?utm_content=buffer2639a&utm_medium=social&utm_source=twitter.com&utm_campaign=buffer #COP21 https://www.weforum.org/agenda/2015/12/how-will-climate-change-affect-food-security/?utm_content=buffer2639a&utm_medium=social&utm_source=twitter.com&utm_campaign=buffer	1.0	1.0	1.0
CyberAnonymous: Reuters: Armed man shot in Pennsylvania Walmart: reports https://www.reuters.com/article/us-usa-pennsylvania-shooting-iduskbn0tw05k20151213?utm_campaign=trueAnthem:+Trending+Content&utm_content=566d1fae04d3016981a1e883&utm_medium=trueAnthem&utm_source=twitter https://www.reuters.com/article/us-usa-pennsylvania-shooting-iduskbn0tw05k20151213?utm_campaign=trueAnthem:+Trending+Content&utm_content=566d1fae04d3016981a1e883&utm_medium=trueAnthem&utm_source=twitter	0.0	0.0	0.0
#USAfricaBF Notice: Paris teacher stabbed by man who yelled support for #ISIS: ‚Ä¶ https://t.co/7aaA1G7GJl https://t.co/T82KfzHa57	0.0	0.0	0.0
@user stop this life üò°	0.0	0.0	0.0
Speaking of galaxies, the Milky Way is now visible in @user/@user SOHO/LASCO images http://sohodata.nascom.nasa.gov/cgi-bin/data_query_search_url?Session=web&Resolution=2&Display=Images&NumImg=30&Types=instrument=LASCO:detector=C3 http://sohodata.nascom.nasa.gov/cgi-bin/data_query_search_url?Session=web&Resolution=2&Display=Images&NumImg=30&Types=instrument=LASCO:detector=C3	1.0	1.0	1.0
Best Web Hosting, FREE Domain, Free Site Builders, FREE 24-7 Support 30 day money-back Guarantee https://www.bluehost.com/special/homenew?utm_source=D62298AC6E99897F70B68800110A8CFF&utm_medium=affiliate&utm_campaign=affiliate-link_cad_notype	0.0	0.0	0.0
PROOF That Gun Bans Increase Murder Rates https://www.therealstrategy.com/brazil-murder-rate-spikes-congress-decides-gun-ban-is-cause/ https://www.therealstrategy.com/brazil-murder-rate-spikes-congress-decides-gun-ban-is-cause/	1.0	0.0	0.0
https://i-love-advertising.blogspot.com/2016/01/new-edit-in-wikipedia-article-on_3.html?utm_source=dlvr.it&utm_medium=twitter New edit in the Wikipedia article on Spatial analysis https://i-love-advertising.blogspot.com/2016/01/new-edit-in-wikipedia-article-on_3.html?utm_source=dlvr.it&utm_medium=twitter ‚Ä¶ https://i-love-advertising.blogspot.com/2016/01/new-edit-in-wikipedia-article-on_3.html?utm_source=dlvr.it&utm_medium=twitter	0.0	0.0	0.0
#EurekaMag Thirteenth Swedish Weed Conference, 1972 https://eurekamag.com/research/000/250/000250206.php	0.0	1.0	1.0
Hard work NEVER fails, start working, stop complaining. If you work for it, you'll appreciate it! üíØ	1.0	0.0	0.0
#EurekaMag Cucumber mosaic virus-associated RNA 5 II. in vitro translation in a wheat germ protein-synthesis system https://eurekamag.com/research/000/330/000330080.php	0.0	1.0	1.0
can people please just stop complaining and get on with life üò¨	0.0	0.0	0.0
Did you know that #HighBloodPressure causes #ErectileDysfunction? #menshealth https://samadimd.com/mens-health/2016/1/18/how-high-blood-pressure-is-linked-to-erectile-dysfunction https://samadimd.com/mens-health/2016/1/18/how-high-blood-pressure-is-linked-to-erectile-dysfunction	1.0	0.0	0.0
@user Retweet to support World Vision Education for Children. @user #GlobalGoodEmiWin https://t.co/Ekts4KSqgO	0.0	0.0	0.0
"Excellent! I also recommend ""Those Dishonest Goldsmiths"" of G #Selgin https://twitter.com/intlmandotcom/status/698143904068202497 https://twitter.com/intlmandotcom/status/698143904068202497"	0.0	0.0	0.0
Strawberries May Help Prevent Type 2 Diabetes, Says Study https://fb.me/4tvTQ0xpH	1.0	1.0	1.0
CGA for the non-specialist http://www.ncbi.nlm.nih.gov/pubmed/24118661 from @user @user #rcpeCoE16	0.0	1.0	1.0
@user Bulk SMS Solution allows business communication over the mobile marketing. http://smsjosh.com/bulk-sms-reseller http://smsjosh.com/bulk-sms-reseller	0.0	0.0	0.0
In @user: Rare variant found that raises HDL cholesterol and increases risk of coronary heart disease: https://www.science.org/doi/full/10.1126/science.aad3517	1.0	1.0	1.0
Nurse Practitioner or Physician A... - #NewAuburn , WI (https://www.getnephrologyjobs.com/nurse-practitioner-or-physician-assistant-nephrology-hypertension-new-auburn-wisconsin-88207067.htm?utm_source=twitter&utm_medium=twitter&utm_campaign=twitter Get Nephrology Jobs #Nephrology #jobs #job #GetAllJobs	0.0	0.0	0.0
Today the City is lighting up the Civic Centre clock tower blue in support of Autism awareness. Learn more: http://www.raisetheflagforautism.com	0.0	0.0	0.0
Tired of US politics? Us too! Support a true monster. 6 days to reach our stretch goal! http://experiment.com/gilamonster http://experiment.com/gilamonster	0.0	0.0	0.0
Volume Caps Pills Male Sex Enhancement Increase Semen Massive Load More Libido - Bid Now! ‚Ä¶ http://rover.ebay.com/rover/1/711-53200-19255-0/1?ff3=2&toolid=10044&campid=5337649399&customid=&lgeo=1&vectorid=229466&item=152061042097&pub=5575041009 http://rover.ebay.com/rover/1/711-53200-19255-0/1?ff3=2&toolid=10044&campid=5337649399&customid=&lgeo=1&vectorid=229466&item=152061042097&pub=5575041009	1.0	0.0	0.0
Bangladesh government enables extremism | The Kingston Whig-Standard http://www.thewhig.com/2016/04/27/bangladesh-government-enables-extremism	0.0	0.0	0.0
Wardrobe Malfunction Leads To Embarrassing ‚ÄúBare All ‚Äù Incident In Weekend UFC Action. http://bit.ly/1S8Jv0A	0.0	0.0	0.0
LosAngeles Steps Up 2 #Adopt A Cause Homeless Shelter #Pets Visit An LA County Animal Care Center #Dogs #Cats https://t.co/KDWaslmnLx	0.0	0.0	0.0
Highway noise deters communication between birds https://www.sciencedaily.com/releases/2016/05/160511093144.htm#.VzNMPDyFFnY.twitter	1.0	1.0	1.0
ANTIQUE ROOSTER TRADE SIGN / DOOR STOP , ORIGINAL PAINT . EMBOSSED WORK http://united-arab-emirates-uae.info/mrts/ntdrb/?query=http://rover.ebay.com/rover/1/711-53200-19255-0/1?ff3=2&toolid=10039&campid=5337597384&item=371627660183&vectorid=229466&lgeo=1 http://united-arab-emirates-uae.info/mrts/ntdrb/?query=http://rover.ebay.com/rover/1/711-53200-19255-0/1?ff3=2&toolid=10039&campid=5337597384&item=371627660183&vectorid=229466&lgeo=1	0.0	0.0	0.0
lemme stop texting ppl backüò≠üò≠	0.0	0.0	0.0
@user my.pt we will target what the end product not the root cause they'll penalise some rest will continue	0.0	0.0	0.0
The Strange, Familiar, and Forgotten ‚Äî fascinating read on consciousness, memory, and how our sense of self arises https://www.brainpickings.org/2016/03/17/the-strange-familiar-and-forgotten-israel-rosenfield/	0.0	1.0	1.0
Buhari One Year: APC Legal Adviser Says Party Must Stop 'Undemocratic Practices'‚Ä¶ https://www.thetrentonline.com/buhari-clocks-1-year-office-apc-national-legal-adviser-words-interview/ https://www.thetrentonline.com/buhari-clocks-1-year-office-apc-national-legal-adviser-words-interview/	0.0	0.0	0.0
"""My husband will die soon. Caring for him has left me a wreck."" https://www.washingtonpost.com/national/health-science/my-husband-is-dying-of-brain-cancer-and-my-life-is-a-wreck/2016/06/02/25b98c44-0257-11e6-9d36-33d198ea26c5_story.html?tid=sm_tw"	0.0	0.0	0.0
"‚ÄúAt a point now where I understand plant temperaments ‚Äî how vulnerable they are, but also how strong they can become"" #Precision #AgTech"	0.0	0.0	0.0
Use code NOGUNS at http://www.teabar.com & 15% of #tea sale goes to prevent gun violence & promote #guncontrolnow! http://www.teabar.com	0.0	0.0	0.0
Halo wars 2 will have mouse support for Xbox one s https://twitter.com/vg247/status/742955023240450048	0.0	0.0	0.0
Topical application of antiretroviral drug combination prevents transmission of (S)HIV http://scienmag.com/?p=1474919 http://scienmag.com/?p=1474919	1.0	1.0	1.0
‚úîTWEETSHEET ‚û°PETITIONS-PART 2 ‚úî SUPPORT THE FIGHT AGAINST DOG&CAT SLAUGHTER IN #SouthKorea https://sites.google.com/site/stopkoreantorture/petitions2 https://sites.google.com/site/stopkoreantorture/petitions2	0.0	0.0	0.0
Every sale supports artists - PLEASE read why 'JUST A CARD' campaign matters so much to everyone - @user https://twitter.com/craftyfoxmarket/status/745567069857587200	0.0	0.0	0.0
How one state is becoming a leader in managing revenue volatility: https://www.pewtrusts.org/en/research-and-analysis/articles/2016/06/13/oklahoma-becomes-a-leader-at-managing-volatile-revenue https://www.pewtrusts.org/en/research-and-analysis/articles/2016/06/13/oklahoma-becomes-a-leader-at-managing-volatile-revenue	0.0	1.0	1.0
ROUGE THE BAT ‚Ä¢THE SECOND REASON FURRIES ARE A THING NEXT TO LOLA BUNNY ‚Ä¢THE ANIMAL VERSION OF MORRIGAN AENSLAND https://t.co/FiB98MBg7B	0.0	0.0	0.0
This is how Islam (ISIS, Muslim, Obamas Brotherhood) treat woman. @user took $$$ from these countries. https://t.co/rgmwEn9LKJ	0.0	0.0	0.0
@user We need an oral history on how the Lakers let him get away.	0.0	0.0	0.0
Asymmetrical matter https://www.oximity.com/article/Asymmetrical-matter-1?utm_campaign=it&utm_source=it-1-autoTw&utm_medium=twitter-%40OximityScience&utm_term=articleId-1047441 #science https://www.oximity.com/article/Asymmetrical-matter-1?utm_campaign=it&utm_source=it-1-autoTw&utm_medium=twitter-%40OximityScience&utm_term=articleId-1047441	0.0	0.0	0.0
Bizarre #May becomes PM on the say of #Tory MPs but not members #Corbyn 'un-electable' as PM despite widespread support of members	0.0	0.0	0.0
The Incredible Brain Of Simone Biles http://www.huffingtonpost.com/entry/neuroscience-of-atheletes_us_57a395f1e4b021fd9877f6bc?ir=Science&section=us_science&utm_hp_ref=science http://www.huffingtonpost.com/entry/neuroscience-of-atheletes_us_57a395f1e4b021fd9877f6bc?ir=Science&section=us_science&utm_hp_ref=science http://www.huffingtonpost.com/entry/neuroscience-of-atheletes_us_57a395f1e4b021fd9877f6bc?ir=Science&section=us_science&utm_hp_ref=science	0.0	1.0	1.0
How SARS in China helped ramp up the US medical intelligence program https://theintercept.com/2016/08/10/how-the-u-s-spies-on-medical-nonprofits-and-health-defenses-worldwide/	1.0	0.0	1.0
"""Submit to google classroom"" ""Save in drive"" ""The hw is on edmodo"" ""Notes on google classroom"" ""Go to google docs"" https://t.co/79lb5L0XEs"	0.0	0.0	0.0
When the ROLLER COASTER Stops ~ Bethany's cancer journey #Relationships http://ww38.clc.li/CRV #eNovAaw #kindleUnl http://ww38.clc.li/CRV	0.0	0.0	0.0
PS4 firmware update will bring HDR support to all PS4s. https://www.gamespot.com/articles/ps4-firmware-update-will-bring-hdr-support-to-all-/1100-6443387/?ftag=GSS-05-10aaa0b https://www.gamespot.com/articles/ps4-firmware-update-will-bring-hdr-support-to-all-/1100-6443387/?ftag=GSS-05-10aaa0b	0.0	0.0	0.0
@user @user @user smoking from adolescence, or for multiple decades, seems to be the problem.	0.0	0.0	0.0
@user D has to get a score or TO after a stop or two	0.0	0.0	0.0
Breaking news: Snake stops a bullet train https://ift.tt:443/2d5uEVt	0.0	0.0	0.0
#BREAKING: Gas leak leads to explosion in northern New Jersey https://www.cbsnews.com/live/?linkId=29515993 https://www.cbsnews.com/live/?linkId=29515993	0.0	0.0	0.0
Amazon ECS now supports automated task & image cleanup! http://amzn.to/2dp7WLU http://amzn.to/2dp7WLU	0.0	0.0	0.0
@user Trading for beginners with expert support by the LINK! @user	0.0	0.0	0.0
Empowering peace: service provision and state legitimacy in #Nepal‚Äôs peace-building process https://www.tandfonline.com/action/cookieAbsent?utm_content=bufferf083d&utm_medium=social&utm_source=twitter.com&utm_campaign=buffer https://www.tandfonline.com/action/cookieAbsent?utm_content=bufferf083d&utm_medium=social&utm_source=twitter.com&utm_campaign=buffer	0.0	1.0	1.0
@user is October 19, 2016! Wear jeans and support the pediatric patients @user! If interested, call 806-775-8250 https://t.co/jT25wtCzuI	0.0	0.0	0.0
#HillaryBecause racist cops shouldn't be using force to stop violent thugs from raping and murdering.	0.0	0.0	0.0
Can't find a sunscreen strong enough to prevent busting into flames when outside. #EverydayVampireProblems	0.0	0.0	0.0
.@user releases Dynamic Content Ad Standard aimed to increase the relevancy of ads delivered to consumers https://www.iab.com/news/iab-tech-lab-releases-dynamic-ad-content-standard-deliver-relevant-ads/	0.0	0.0	0.0
ProLabs are recruiting for optical networking roles in the UK https://www.prolabs.com/vacancies/optical-networking-hardware-engineer-lab-manager-us-minneapolis-based/?utm_content=buffercf11c&utm_medium=social&utm_source=twitter.com&utm_campaign=buffer and the US https://www.prolabs.com/vacancies/optical-networking-hardware-engineer-lab-manager-us-minneapolis-based/?utm_content=buffercf11c&utm_medium=social&utm_source=twitter.com&utm_campaign=buffer #optical careers https://www.prolabs.com/vacancies/optical-networking-hardware-engineer-lab-manager-us-minneapolis-based/?utm_content=buffercf11c&utm_medium=social&utm_source=twitter.com&utm_campaign=buffer	0.0	0.0	0.0
Matt Ridley: Climate policy is doing more harm than good http://www.theaustralian.com.au/news/world/is-climate-policy-doing-more-harm-than-good/news-story/cf482a01cf51aff1573ae0b4669fdc70	1.0	0.0	0.0
T2 sometimes praying for the patient goes a long way. Adds feeling of support #healthxph https://twitter.com/drladstantengco/status/789822538549374976	0.0	0.0	0.0
#Devils Tweets: Cory makes a huge stop with 3:11 remaining in regulation! #TBLvsNJD http://playerpress.com #NHL http://playerpress.com	0.0	0.0	0.0
So @user launches a stinging attack on John McDonnell for saying Labour must accept Brexit. Why do trade unions support this crew?	0.0	0.0	0.0
Opened Graffiti request via iphone at Intersection of Franklin St & Market St http://mobile311.sfgov.org/reports/6540662 http://mobile311.sfgov.org/reports/6540662	0.0	0.0	0.0
So what was Israels reason for attacks, murder and destruction of the Palestinian people before 1982? SIMPLY HATE AND ETHNIC CLEANSING https://t.co/hLlBuxWvcU	1.0	0.0	0.0
What satellites can tell us about how animals will fare in a changing climate - @user https://www.nasa.gov/feature/goddard/2016/how-animals-will-fare-in-a-changing-climate #ClimateChange #biodiversity https://www.nasa.gov/feature/goddard/2016/how-animals-will-fare-in-a-changing-climate	0.0	1.0	1.0
Engineering rice to waste less fertilizer https://arstechnica.com:443/science/2016/12/engineering-rice-to-waste-less-fertilizer/?utm_source=dlvr.it&utm_medium=twitter https://arstechnica.com:443/science/2016/12/engineering-rice-to-waste-less-fertilizer/?utm_source=dlvr.it&utm_medium=twitter	0.0	1.0	1.0
RT HealingMB: Stressed? Stretching reduces stress, increasing circulation, reducing pain etc #Healing #Yoga... https://twitter.com/HealingMB/status/813187833536122880/photo/1?utm_source=fb&utm_medium=fb&utm_campaign=BossDonSunny&utm_content=814337251874394112	1.0	0.0	0.0
Volunteers coming to punjab through @user Movement to support AAP. Hats off to his love for Punjab. https://t.co/dUYMGtnzfX	0.0	0.0	0.0
Pain changes people.	1.0	0.0	0.0
Harvard research estimates #ACA repeal will cause 27,000 people to die every year who otherwise would have lived. https://thinkprogress.org/study-details-deadly-consequences-of-gutting-obamacare-ce2005f01b93#.4itthwra6	1.0	1.0	1.0
Do conservatives know that legally taking away abortion isn't going to actually stop people from getting abortions?	1.0	0.0	0.0
International students @user - come and meet the International Student Support team on Thursday - quizzes, Scottish food, meet new people! https://t.co/2QMAxyxG6O	0.0	0.0	0.0
@user @user good for them then we will be spared a pile of irrelevant research.	0.0	0.0	0.0
#FedEx STOP TRANSPORTING DOLPHINS Without air carriers the dolphin trade would die! #OpSeaWorld https://t.co/XOXNH6kPFT	0.0	0.0	0.0
@user @user Obviously. But #M103 asks for recommendations that can lead to a future bill = legilslation. Nothing to do with Trump.#Sigh	0.0	0.0	0.0
Future medical perspectives: Gut bacteria will revolutionise #medicine https://sciencenordic.com/denmark-microbiome-videnskabdk/gut-bacteria-will-revolutionise-medicine/1443216 @user @user @user https://sciencenordic.com/denmark-microbiome-videnskabdk/gut-bacteria-will-revolutionise-medicine/1443216	1.0	1.0	1.0
why do trains always stop on the tracks in the mornings like people don't have places to beü§¶üèΩ‚Äç‚ôÄÔ∏è	0.0	0.0	0.0
Trump promised one of the largest military buildups ever. 3% increase from Obama's budget is barely a buildup, let alone a large one.	0.0	0.0	0.0
Did you know we offer a residentially based Masters program? You can learn more about it here! https://www.impact360institute.org/masters https://www.impact360institute.org/masters	0.0	0.0	0.0
Police band together to show support for officer charged in Abdi death https://www.cbc.ca/news/canada/ottawa/ottawa-police-daniel-montsion-wristband-abdi-1.4044425?cmp=rss #ottnews #ottawa https://www.cbc.ca/news/canada/ottawa/ottawa-police-daniel-montsion-wristband-abdi-1.4044425?cmp=rss	0.0	0.0	0.0
California took another step towards protecting the Stanislaus, Tuolumne, Merced & lower San Joaquin Rivers. https://www.nrdc.org/experts/doug-obegi/one-step-closer-restoring-lower-san-joaquin-river?utm_source=tw&utm_medium=tweet&utm_campaign=socialmedia	0.0	0.0	0.0
Myth: Warm Up can Increase Vertical Jump! True or False? #nba See at : https://goo.gl/p4vGXU https://goo.gl/p4vGXU	1.0	0.0	0.0
student athletes are a different species https://twitter.com/bleacherreport/status/857651201713688576	1.0	0.0	0.0
First ice cream, a sweet treat @user #boxerdog #boxers #dogsoftwitter #dogslife #icecream #boxerworld #boxersofinstagram #puppy https://t.co/kvs5S0id9o	0.0	0.0	0.0
This story will tear you apart: The Last Person You‚Äôd Expect to Die in Childbirth https://www.propublica.org/article/die-in-childbirth-maternal-death-rate-health-care-system	0.0	1.0	1.0
#sports #fitness Buy Now: $33.97 Ueasy Knee pad Breathable Support Crashproof Antis... http://www.sportinggoodso.com/Protective-Gear-158969/Ueasy-Knee-pad-Breathable-Support-Crashproof-Antislip-Leg-Sleeve-Protective/322505445893 http://www.sportinggoodso.com/Protective-Gear-158969/Ueasy-Knee-pad-Breathable-Support-Crashproof-Antislip-Leg-Sleeve-Protective/322505445893	0.0	0.0	0.0
A good start but more than information is needed to support customers to buy more healthy and less unhealthy food in supermarkets https://twitter.com/worldobesity/status/864125818448039937	0.0	0.0	0.0
@user @user @user @user @user @user @user @user @user @user @user @user @user @user @user @user @user @user @user @user @user @user Moreso the first one. The issues with failing to research was more issues that encompassed our Afghanistan/Iraq situation from 2001 onward.	0.0	0.0	0.0
New this morning: Trump‚Äôs communication director Mike Dubke is leaving after submitting resignation letter, @user reports https://t.co/l88PZVZm3E	0.0	0.0	0.0
@user There has been a sharp increase in reported abuse of travellers - particularly non-whites - by CBP & ICE personnel. https://mobile.twitter.com/jane_stoever/status/864510716333576194	1.0	0.0	0.0
Craving something sweet? Here is the perfect baked summer treat https://www.gransnet.com/food/simple-good-cake-recipes?utm_source=Twitter&utm_medium=Tweet&utm_campaign=Simple+good+cake+recipes+page #baking #recipes https://www.gransnet.com/food/simple-good-cake-recipes?utm_source=Twitter&utm_medium=Tweet&utm_campaign=Simple+good+cake+recipes+page	0.0	0.0	0.0
European markets are a better investment than US markets, analyst says https://www.cnbc.com/2017/06/22/european-markets-are-a-better-investment-than-us-markets-analyst-says.html?utm_source=dlvr.it&utm_medium=twitter #Stock #Market https://www.cnbc.com/2017/06/22/european-markets-are-a-better-investment-than-us-markets-analyst-says.html?utm_source=dlvr.it&utm_medium=twitter	1.0	0.0	0.0
@user @user Maybe Mueller had to hire only HRC donors cause Repub donors refused to be part of one-sided investigation? Still no look at BO+HRC scandals	0.0	0.0	0.0
.@user @user #SaveSmackoutPack Incomplete investigation does not support extermination. #SaveSmackoutPack https://t.co/kYvd9ISHg6	0.0	0.0	0.0
So comic book cover versions of movie posters are a trend this comic con. I'm not complaining. https://twitter.com/mcu_tweets/status/889164018459521024	0.0	0.0	0.0
Exclusive: Costa made three requests to leave #CFC over the course of last season, reports @user https://www.thetimes.co.uk/edition/sport/diego-costa-asked-chelsea-to-sell-him-during-last-summers-pre-season-tour-h07wmdcdv https://www.thetimes.co.uk/edition/sport/diego-costa-asked-chelsea-to-sell-him-during-last-summers-pre-season-tour-h07wmdcdv	0.0	0.0	0.0
Why the definition of polycystic ovary syndrome harms women https://www.eurekalert.org/news-releases/724591 #sciencepolicy	1.0	1.0	1.0
@user wow lots of cancer research supports trump - no surprise	0.0	0.0	1.0
gratitude is a killer antidepressant	1.0	0.0	0.0
#VIP2 Box office Hit With Youths, Kids & Family Audience Full Support #VIP2BlockBuster3RdWeek #VIP2BB3rdWeek https://t.co/6VWYClcAtt	0.0	0.0	0.0
Is Your Debt too Expensive? @user helps debtors stop #collection calls for #FREE! #FinTech #StartUp #Miami https://blog.settleitsoft.com/index.php/is-your-debt-too-expensive/	0.0	0.0	0.0
The @user alone has rescued over 1,500 people, but emergency systems are overwhelmed. Mark Strassmann reports now https://t.co/ikGYhcJU6k	0.0	0.0	0.0
Maintenance Engineer - Deeside - Total Staff #defence # jobs https://jobs.telegraph.co.uk/job/9431438/maintenance-engineer/?TrackID=461589	0.0	0.0	0.0
@user Good job those tight stops were in that don't look good now	0.0	0.0	0.0
SOMEONE OPTION JENNA'S ROUND THE TWIST ORAL HISTORY FOR A BOOK *IMMEDIATELY* https://twitter.com/jennaguillaume/status/909208519932383233	0.0	0.0	0.0
Science, Meaning and the Imagination: How can we bring the human being back into our science? https://www.crossfieldsinstitute.com/event/science-meaning-imagination-can-bring-human-back-science/?instance_id=44 https://www.crossfieldsinstitute.com/event/science-meaning-imagination-can-bring-human-back-science/?instance_id=44	0.0	0.0	1.0
Avaya helps companies to deliver digital #customerexperiences through integrated support for all #mediachannels https://contact-center.esoutlook.com/vendor/article25/avaya https://contact-center.esoutlook.com/vendor/article25/avaya	0.0	0.0	0.0
@user hy plz release that dance video of wedding....u are a great superb dancer man.....and ur acting is tooo good....a reply plxx??	0.0	0.0	0.0
Combination treatment targeting glucose in advanced brain cancer shows promising results in‚Ä¶ http://www.neuropsychotherapist.com/combination-treatment-targeting-glucose-in-advanced-brain-cancer-shows-promising-results-in-preclinical-study/ http://www.neuropsychotherapist.com/combination-treatment-targeting-glucose-in-advanced-brain-cancer-shows-promising-results-in-preclinical-study/	1.0	1.0	1.0
82% of Americans support a pathway to citizenship! We have to remove the fear & #ProtectDREAMErs now. #AxeFiles	1.0	0.0	0.0
Scientists unlock mysteries of how Ebola uses people's immune defenses to cause infection #Scientist #ebola #defense https://www.eurekalert.org/news-releases/606464	1.0	1.0	1.0
In developing countries, education is strongly tied to one's parents‚Äô education, more so than in the developed world https://openknowledge.worldbank.org/handle/10986/28428?CID=POV_TT_Poverty_EN_EXT https://openknowledge.worldbank.org/handle/10986/28428?CID=POV_TT_Poverty_EN_EXT	1.0	1.0	1.0
Inclusion health: addressing the causes of the causes #SDOH @user http://www.thelancet.com/journals/lancet/article/PIIS0140-6736(17)32848-9/fulltext	0.0	1.0	1.0
@user Omar seems like an idiot. Ignoran dudes are a major turn-off.	0.0	0.0	0.0
5 Ways to Get Rid of Muscle Knots in the Lower Back http://feelpainrelief.com/5-ways-to-get-rid-of-muscle-knots-in-the-lower-back/ #muscleknot #backpain http://feelpainrelief.com/5-ways-to-get-rid-of-muscle-knots-in-the-lower-back/	0.0	0.0	0.0
Editorial Overview: Hollow and Porous Materials for Lithium-Ion Battery Anode by Manab Kundu* in Juniper Online Journal Material Science https://juniperpublishers.com/jojms/pdf/JOJMS.MS.ID.555589.pdf	0.0	1.0	1.0
#Facebook reports progress in removing extremist content http://autotraffic.fullcontentrss.com/?q=Facebook+reports+progress+in+removing+extremist+content&t=1511967391 http://autotraffic.fullcontentrss.com/?q=Facebook+reports+progress+in+removing+extremist+content&t=1511967391	0.0	0.0	0.0
Delaying hip fracture surgery for 1 day tied to slightly higher mortality risk https://www.jwatch.org/fw113580/2017/11/29/delaying-hip-fracture-surgery-1-day-tied-higher-mortality @user https://www.jwatch.org/fw113580/2017/11/29/delaying-hip-fracture-surgery-1-day-tied-higher-mortality	1.0	1.0	1.0
.@user #Opioids, #Erectile dysfunction, #Hypertension, #Depression, Common denominator? See: Nitrogen Narcosis, https://americanmedicaldetective.com/blog/erectile-disfunctionetiologies-treatments , Erectile dysfunction. https://americanmedicaldetective.com/blog/erectile-disfunctionetiologies-treatments , https://americanmedicaldetective.com/blog/erectile-disfunctionetiologies-treatments , one-new-drug-multiple-med-uses https://americanmedicaldetective.com/blog/erectile-disfunctionetiologies-treatments https://americanmedicaldetective.com/blog/erectile-disfunctionetiologies-treatments	1.0	1.0	1.0
The forbidden words are ‚Äúvulnerable,‚Äù ‚Äúentitlement,‚Äù ‚Äúdiversity,‚Äù ‚Äútransgender,‚Äù ‚Äúfetus,‚Äù ‚Äúevidence-based‚Äù and ‚Äúscience-based.‚Äù https://www.washingtonpost.com/national/health-science/cdc-gets-list-of-forbidden-words-fetus-transgender-diversity/2017/12/15/f503837a-e1cf-11e7-89e8-edec16379010_story.html	0.0	0.0	1.0
@user The liberty interest of the family encompasses an interest in retaining custody of one‚Äôs children and, thus, a state may not interfere with a parent‚Äôs custodial rights absent due process protections. Langton v. Maloney, 527 F Supp 538, D.C. Conn. (1981). https://www.youtube.com/watch?v=joTzL3QqeYU&feature=youtu.be https://www.youtube.com/watch?v=joTzL3QqeYU&feature=youtu.be	0.0	0.0	0.0
Democratic Caucus holds presser to show support for Mayor and City Council's work to remove confederate statues. https://t.co/mb8BVfbpMC	0.0	0.0	0.0
@user @user @user @user @user @user @user @user @user @user @user Follow, retweet and support Democrat candidates. Several special elections are coming up. #FlipItBlue #BlueWave2018 üåä	0.0	0.0	0.0
Former salesman accused of lying to FBI, IRS agents.Robert DeGoria is accused of trying to mislead investigators looking into an ongoing Lower Southampton corruption probe. https://www.scoop.it/topic/newtown-news/p/4091862991/2018/01/05/former-salesman-accused-of-lying-to-fbi-irs-agents?utm_medium=social&utm_source=twitter	0.0	0.0	0.0
Green Manuring to a Better Soil Physical Condition by Akingbola OO* and Dayo-Olagbende GO* in Agricultural Research & Technology: Open Access Journal (ARTOAJ) http://juniperpublishers.com/artoaj/ARTOAJ.MS.ID.555813.php http://juniperpublishers.com/artoaj/ARTOAJ.MS.ID.555813.php	1.0	1.0	1.0
Radar Update: Rain will increase today/tonight. Expect a rainy and breezy day Thursday. Dry by the weekend. #wawx https://t.co/8dtEzXaplq	0.0	0.0	0.0
YES...YES...YES !!!üëäüëäüëä Promote Araneta FIRST.... One concert at a time! Breathe, Pause, Breathe... #JaDineRevolution #JaDineLoveRules https://twitter.com/JaDinePhilly/status/952936662576828418	0.0	0.0	0.0
file under: cause of death https://t.co/xkSMgg8u3b	0.0	0.0	0.0
11 Scientifically Proven Ways To Lose Weight In A Few Weeks http://bit.ly/2mTpQav	0.0	0.0	0.0
Ottawa Charter still important to guide>>>http://www.tandfonline.com/doi/full/10.1080/14635240.2017.1415765 http://www.tandfonline.com/doi/full/10.1080/14635240.2017.1415765	0.0	1.0	1.0
Gender Discrimination in Science Is Especially Common https://blogs.scientificamerican.com/voices/gender-discrimination-in-science-is-especially-common/ A new @user report shows women face more workplace hurdles in STEM jobs than in non-STEM jobs. Via @user https://blogs.scientificamerican.com/voices/gender-discrimination-in-science-is-especially-common/	1.0	1.0	1.0
FBI agents issue statement of support for FBI director - http://hotpagenews.com/r/202625 Top 100 Stories On The Web http://hotpagenews.com/r/202625	0.0	0.0	0.0
The EPSO Honor Guard will be conducting a flag ceremony to raise and lower the flag that will be used during Detective Flick‚Äôs services. The flag will be flown for 15 minutes and taken down. The ceremony will begin at 12:30 PM today. https://t.co/Sklgl00CNJ	0.0	0.0	0.0
This conference on mental health nursing takes place in September in Manchester #MHRN2018 - open for submissions - deadline 27 April https://twitter.com/MHNRconf/status/965180325797253121	0.0	0.0	1.0
From March 5 - 9 @user's workshop on human-environment systems brings together researchers presenting advances on how to protect biodiversity, control species invasions, create resilient ecosystems, and much more. http://www.fields.utoronto.ca/activities/17-18/MathBiology-human-environment-systems http://www.fields.utoronto.ca/activities/17-18/MathBiology-human-environment-systems	0.0	0.0	1.0
In 2018, Turkey is aiming to welcome 700,000 people to Troy in a bid to significantly increase the number of people disappointed by the historical site. https://twitter.com/turkishtravel/status/975635993629003777	0.0	0.0	0.0
Teenager from #AbbotsLangley arrested with support from @user as part of NCA investigation into the emails containing threats to students received by large number of UK schools and colleges. Read more: https://www.nationalcrimeagency.gov.uk/404 https://www.nationalcrimeagency.gov.uk/404	0.0	0.0	0.0
Government should stop subsidising e-sports, it‚Äôs not real sport - http://bit.ly/2q9j0A2	0.0	0.0	0.0
Unpaid internships are a mark of privilege-wow. Pam Eddinger rocks. #PhilaUnite	0.0	0.0	0.0
It's not your fitness tracker -- it's you https://www.sciencedaily.com/releases/2018/04/180412102746.htm https://www.sciencedaily.com/releases/2018/04/180412102746.htm	0.0	1.0	1.0
Thank you Drs. @user and @user for your guidance! A true honor. | Health Sensors, Smart Home Devices, and the Internet of Medical Things: An Opportunity for Dramatic Improvement in Care for the Lower Extremity Complications of Diabetes. https://www.ncbi.nlm.nih.gov/pubmed/29635931 https://www.ncbi.nlm.nih.gov/pubmed/29635931	1.0	1.0	1.0
Look how cool this moulting crab is we found on the #MBioRoscoff field trip #PlyMBIO https://t.co/gm00FUku63	0.0	0.0	0.0
@user Then tell those morons to stop rioting at the borders. Israel is just protecting itself.	0.0	0.0	0.0
"""Talking about #suicide increases the chances someone will go for help. Reaching out for help is the main message,"" said our @user, while discussing mainstream media portrayals of #mentalhealth issues. WATCH THE VIDEO ¬ª http://bit.ly/2IzzF6Q http://bit.ly/2IzzF6Q"	1.0	0.0	0.0
#Shame is a powerful emotion and may be experienced when recovering from an #eatingdisorder. When shame seems to be winning, counter with #selfcompassion. https://bit.ly/2L7XOmZ https://bit.ly/2L7XOmZ	1.0	0.0	0.0
@user Cohen, the president, and Americans know better not to believe what the press is saying. Fake news with intent to cause havoc.	0.0	0.0	0.0
Why female alcoholism is a time bomb http://www.bbc.com/future/story/20180618-why-alcohol-affects-women-more-than-men?ocid=ww.social.link.twitter via @user	1.0	1.0	1.0
Yan-Hong Bao, Yi-Zheng Fan, Yi Wang, Ming Zhu : A Combinatorial Method for Computing Characteristic Polynomials of Starlike Hypergraphs http://arxiv.org/abs/1806.06199	0.0	1.0	1.0
Incredible scenes. Congratulations to Rob from @user who just swam the English Channel!! All in aid of raising funds for Scouts. Poldy is still swimming but going strong... Follow the rest of their incredible challenge and show your support here: http://arch2arctic.com http://arch2arctic.com	0.0	0.0	0.0
"@user Because Trump and his administration have made Hate the norm. Now suddenly the people saying, ""just stop being c**ts to people"" are the bad guys. Same has happened here in Enlgand with Brexit."	0.0	0.0	0.0
Latest news from HTFP: Regional publisher increases cover price at 17 weeklies https://www.holdthefrontpage.co.uk/2018/news/regional-publisher-increases-cover-price-at-17-weeklies/?utm_source=dlvr.it&utm_medium=twitter https://www.holdthefrontpage.co.uk/2018/news/regional-publisher-increases-cover-price-at-17-weeklies/?utm_source=dlvr.it&utm_medium=twitter	0.0	0.0	0.0
#FlashbackFriday My NaNa Ovas Wedding. Weddings are a beautiful time. Post a picture of your wedding for #FlashbackFriday via http://ripl.com http://ripl.com	0.0	0.0	0.0
Donating blood not only helps others, but reduces the rate of cancer and heart disease in the donor. And can help you lose weight.	1.0	0.0	0.0
#Trump Hoodwinked? Developing Report: US-Israel-Turkey ‚ÄúDeal‚Äù Over Brunson Release Leads To Questions https://tsarizm.com/news/2018/07/28/developing-report-us-israel-turkey-deal-over-brunson-release-leads-to-questions/	0.0	0.0	0.0
Harvard admissions suit gets support from Asian American groups https://www.bloomberg.com/news/articles/2018-08-01/harvard-admissions-suit-gets-support-from-asian-american-groups via @user	0.0	0.0	0.0
@user @user Would love to see MLCB as a full conference, with workshops in genomics, immunology, &c.	0.0	0.0	1.0
A #BookLoversDay reminder: #IRS has more than 100 eBooks to help you understand your taxes ‚Äì no library card required. https://www.irs.gov/forms-pubs/ebook https://www.irs.gov/forms-pubs/ebook	0.0	0.0	0.0
Windsor needs more people like Al Quesnel!! This is wonderful! Philanthropist pledges $5M matching challenge to repair Assumption Church #YQG #philanthropy https://www.cbc.ca/news/canada/windsor/assumption-church-parish-repairs-donation-al-quesnel-1.4781931	0.0	0.0	0.0
‚ô•Ô∏è RETWEET SHARE SUPPORT! @user 33 year drought @user #Gofundme #CrowdFundingExposure #Viral__Funding PLEASE SUPPORT ~> https://www.gofundme.com/feltenp44 https://www.gofundme.com/feltenp44	0.0	0.0	0.0
Models Stop Traffic: The 16 Hidden Elements of the Cover‚Äôs Story http://airicakraehmer.com/models-stop-traffic-the-16-hidden-elements-of-the-covers-story/ http://airicakraehmer.com/models-stop-traffic-the-16-hidden-elements-of-the-covers-story/	0.0	0.0	0.0
States herself trauma causes norepinephrine to imprint memories on the hippocampus. Yet, can't remember anything. #ConfirmKavanaughNow https://t.co/pm2XhJOOeb	1.0	0.0	0.0
$29 a month for brand new fitness equipment is a deal you can't miss out on! For the month of September we are offering $29/mo for 60 months for qualified buyers. Call or stop in store today to get set up with this amazing offer! https://info.pushpedalpull.com/september-29-financing-promo?utm_campaign=September%20%2429%2Fmo&utm_content=76436539&utm_medium=social&utm_source=twitter https://info.pushpedalpull.com/september-29-financing-promo?utm_campaign=September%20%2429%2Fmo&utm_content=76436539&utm_medium=social&utm_source=twitter	0.0	0.0	0.0
Chiropractic treatment and vision loss - In rare occurrences, forceful manipulation of the neck is linked to a damaging side effect: vision problems and bleeding inside the eye, finds the first published case report of chiropractic care leading to multip‚Ä¶ https://bitly.ift.tt/2NMLzRB https://bitly.ift.tt/2NMLzRB	1.0	1.0	1.0
(The Huffington Post) #Dramatic #Increase In Women Of Color As 2018 Candidates: Report : There was a 75 percent increase in women of color among nominees for Congress since 2012, a study shows. .. https://www.storiesflow.com/11335161809/dramatic-increase-women-color-candidates-report https://www.storiesflow.com/11335161809/dramatic-increase-women-color-candidates-report	1.0	0.0	0.0
Coffee Drinking Associated With Lower Risk of Stroke ‚û° https://www.ahealthblog.com https://www.ahealthblog.com	1.0	0.0	0.0
This week's Charity of the Week is The Hypatia Trust, which supports and promotes women's achievements üí™ Find out more at http://hypatia-trust.org.uk @user #CharityTuesday #HypatiaTrust http://hypatia-trust.org.uk	0.0	0.0	0.0
Tomorrow, outside CBI offices nationwide, the Congress party will protest the PM‚Äôs disgraceful attempt to prevent an investigation into the Rafale scam, by removing the CBI Chief. All Karnataka Congress Sevadal volunteers are requested to congregate at CBI office RT Nagar https://t.co/Ksdu8sK6Vk	0.0	0.0	0.0
Dearest @user please remember d MILLIONS of people around d world whose love & support are unconditional. If other people try to revile u pls count ur blessings & see d greatness & goodness of our Lord. Have a wonderful Sunday my Asia's Song üê¶. Lots of love! https://t.co/lkBPBkVdy2	0.0	0.0	0.0
Native American tribe sues to stop North Dakota voter ID law before election https://cnn.it/2QbgPqD https://cnn.it/2QbgPqD	0.0	0.0	0.0
Gasdermin D Promotes AIM2 Inflammasome Activation and Is Required for Host Protection against Francisella novicida. https://misuse.ncbi.nlm.nih.gov/error/abuse.shtml?dopt=Abstract&utm_source=dlvr.it&utm_medium=twitter https://misuse.ncbi.nlm.nih.gov/error/abuse.shtml?dopt=Abstract&utm_source=dlvr.it&utm_medium=twitter	1.0	1.0	1.0
@user Too funny...couldnt stop laughing. Every so often, we have to pause for a good laughü§£ Thanks	0.0	0.0	0.0
Nobody wants you till they think you‚Äôre in a relationship. Ain‚Äôt that some reverse psychology shit for you üòÇ	1.0	0.0	0.0
Intermodal volume sees annual gains in November, reports IANA | Logistics Management https://www.logisticsmgmt.com/article/intermodal_volume_sees_annual_gains_in_november_reports_iana	0.0	0.0	0.0
"In early August 2016, an envelope containing ""eyes only"" information was sent by courier from the Central Intelligence Agency to the White House, where the contents were shown to four people: President Obama, Denis McDonough, Susan Rice and Avril Haines. https://www.washingtonpost.com/graphics/2017/world/national-security/obama-putin-election-hacking/?utm_term=.21f20bdb10a8 https://www.washingtonpost.com/graphics/2017/world/national-security/obama-putin-election-hacking/?utm_term=.21f20bdb10a8"	0.0	0.0	0.0
@user But no travel ban for Saudi Arabia! They committed 9/11 and killed the journalist. Trump support terrorists! https://t.co/qxktkje0EJ	0.0	0.0	0.0
TSA will not go on strike, because that would be pointless. You don't need to organize a work stoppage that will happen organically anyway. Jobs entail pay, and invariably people will stop showing up to jobs that don't exist.	0.0	0.0	0.0
imagine being black n publicly announcing u love n support jeffrat stone https://t.co/I0Ev1Iowip	0.0	0.0	0.0
@user Have you read about the cardiac MRI studies on marathon runners? Any concerns? I am thinking possible thinner bones better than progressive myocardial scar tissue deposits. Both concerns support the case for varied exercise and cross training?	1.0	0.0	1.0
A difficult path does not stop a properly bestowed blessing.	0.0	0.0	0.0
Study: Deactivating your Facebook account is good for your mental health https://www.fastcompany.com/90300084/study-deactivating-your-facebook-account-is-good-for-your-mental-health?partner=rss&utm_source=twitter.com&utm_medium=social&utm_campaign=rss+fastcompany&utm_content=rss	1.0	1.0	1.0
Place stigma is a really important determinant and sustainer of health and wellbeing inequalities. I emphasised this recently in evidence to House of a Lords select committee on regenerating seaside towns @user @user http://theconversation.com/giving-a-place-a-bad-reputation-can-harm-its-residents-health-unless-theyre-empowered-to-change-it-111157?utm_source=twitter&utm_medium=twitterbutton via @user	1.0	1.0	1.0
Please send caffeine, because I‚Äôm off to London Town today! Double show day and lots of foodie treats and catch ups on the cards... http://www.kagraphicdesign.co.uk http://www.kagraphicdesign.co.uk	0.0	0.0	0.0
‚õü #NowHiring: #Shuttle Driver, need more income? Deliver with Uber Eats Uber #Lyft #Postmates #SouthDartmouth #Uber #trucker ‚òë Apply Now ‚òû https://trucker.city/?p=236811 https://trucker.city/?p=236811	0.0	0.0	0.0
RTs are a helluva drug	1.0	0.0	0.0
Epic branded content efforts to promote @user from @user @user @user https://www.youtube.com/watch?v=e9441XJgkrQ&feature=youtu.be #ad üé• üì≤ üëè üëÄ	0.0	0.0	0.0
Tourists watch as 18 green turtles are released into the wild on Indonesia's Bali island. The turtles - listed as endangered - were rescued from wildlife smugglers. An estimated 50,000 turtles are killed in Southeast Asia (particularly in Bali) a year, WWF reports https://t.co/RuEdd6CDb4	1.0	1.0	1.0
RT @user: @user announces investigative grants for reporting in #publichealth INR 500,000 for six month reporting assignment; freedom to publish in media-house of your choice. Apply on-line starting April 20, 2019 at https://www.thakur-foundation.org/ https://www.thakur-foundation.org/	0.0	0.0	1.0
Join us this summer for the Digital Classicist London seminar series: https://www.youtube.com/channel/UCIamtu1Z62wL5XRk2mE8HKw/videos If you can‚Äôt attend in person, check out our Youtube Channel: https://www.youtube.com/channel/UCIamtu1Z62wL5XRk2mE8HKw/videos #DigiClass #digitalhumanities	0.0	0.0	0.0
BioTechnology ‚Äì Efficient Stem Cells Can Grow in Animals https://endometrioz.su/efficient-stem-cells-can-grow-in-animals/ https://endometrioz.su/efficient-stem-cells-can-grow-in-animals/	1.0	0.0	1.0
http://bit.ly/2GgAiT1 People who use marijuana need more anesthesia during medical procedures like endoscopies or colonoscopies. A new study found that they needed 14 percent more fentanyl, 19.6 percent more midazolam, and 220.5 percent more propofol. #sciencenews http://bit.ly/2GgAiT1	1.0	1.0	1.0
.@user : Primary infection with dengue or #Zika virus does not affect the severity of heterologous secondary infection in macaques. https://www.biorxiv.org/content/10.1101/613802v1 https://www.biorxiv.org/content/10.1101/613802v1	1.0	1.0	1.0
baby boy ur literally 18 stop doing these concepts	0.0	0.0	0.0
"a fan asked jinsung how kim bin really is behind the camera and jinsung replied ""he sings well, studies hard and is handsome"" and bin replied on his story with ""jung jinsung... thats somewhat pretentious"" https://t.co/TyZt35KcgX"	0.0	0.0	0.0
Gotta turn the porn off if the guy busts from head cause that shits a lie	0.0	0.0	0.0
Facebook and Twitter suspend the accounts of the dissident Irish republican party Saoradh ‚Äì which has the support of the paramilitary New IRA. https://www.bbc.co.uk/news/uk-northern-ireland-48036849	0.0	0.0	0.0
@user @user PALM by @user ‚Äî> https://fsl.fmrib.ox.ac.uk/fsl/fslwiki/PALM We used it successfully for this purpose via non-parametric route. Highly recommended piece of remarkably powerful statistical inference software.	0.0	0.0	1.0
@user The Dems need to get tough and fight dirty, just like the Republicans have always done!! We are in CRISIS MODE. Drop the gloves and stop being so polite!!!	0.0	0.0	0.0
"Join us for the Franklin First UMC BioBlitz on Saturday, May 18 at the Franklin First UMC Main Campus. Here scientists, families, students, teachers, and the community work together to get a snapshot of the ""wild"" spaces of our 107-acre campus. Register: http://bit.ly/bioblitz2019 http://bit.ly/bioblitz2019"	0.0	0.0	1.0
A newly discovered species of scansoriopterygid dinosaur with bat-like wings is described in Nature. This specimen provides further evidence that dinosaurs closely related to birds experimented with different wing structures near the origins of flight. https://go.nature.com/2WxXgMt https://go.nature.com/2WxXgMt	1.0	1.0	1.0
@user @user That‚Äôs sad and all but there was no reason to share this stop looking for brownie points.	0.0	0.0	0.0
Only a Tory Government could cut 21,000 Police Officers, sit back & watch crime soar & then proudly announce the recruitment of 1,200 Police Officers as the ‚Äúbiggest increase in Police officer numbers in 10 years!‚Äù https://t.co/65Co2sa3VW	0.0	0.0	0.0
‚ÄúStronger relationships lead to stronger communities. Stronger communities are what makes America, America.‚Äù Read the full story SuccessBeyond the Front Lines from @user: https://bit.ly/2ZnqnTM | #GORUCK https://bit.ly/2ZnqnTM	1.0	0.0	0.0
Kefir Health Benefits: Kefir Milk Grains last indefinitely. Kefir evidence suggests probiotics can alleviate many digestive problems, incl. irritable bowel syndrome & ulcers from H. pylori infection BUY HERE http://bonanza.com/listings/727498215 http://bonanza.com/listings/727498215	1.0	0.0	0.0
Teacher: What do want to do when you older? Normal kids: doctor, pilot, engineer etc... Weebs: I want to get knocked by a truck and die, so I can be sent to an isekai world and have a harem of girls. https://t.co/J5T9BKVgA1	0.0	0.0	0.0
Really wish there is a way to stop all these pain.	0.0	0.0	0.0
A @user report released today presents, for the first time, a comprehensive overview of the CIA‚Äôs black site network, drawing on new data derived from an unprecedented analysis of the Senate Committee's 2014 study of CIA detention. https://www-test.therenditionproject.org.uk/documents/RDI/190710-TRP-TBIJ-CIA-Torture-Unredacted-Full.pdf	0.0	1.0	1.0
Posted blog with @user on @user study on a bundle to improve outcome in patients with community-acquired pneumonia. https://reflectionsipc.com/2019/07/12/how-a-bundle-kills-cochrane-or-not-2/	0.0	1.0	1.0
#BREAKING Boxer who collapsed after MGM National Harbor fight dies: Reports http://www.fox5dc.com/news/local-news/boxer-who-collapsed-after-mgm-national-harbor-fight-dies-reports	0.0	0.0	0.0
‚ùå PLEASE STOP SCROLLING!! ‚ùå I've got an RT deal from @user üò≠ everyone! I would like to call every/all fandoms to HELP ME OUT! To my co-Tiddies, help me..... üò≠‚ù§ I badly need 560 RT's and likes until August 2..... I do RTxRT guys ‚ù§ https://t.co/4PpsLhLtSV	0.0	0.0	0.0
God! What a week I just had!! This boy needs a serious massage and rest? God, Abeg let someone offer to give this boy a nice treat in a good hotel this week oh. I don taya oh üôÜüèª‚Äç‚ôÇÔ∏è	0.0	0.0	0.0
News 24 reports there is not a ROMAN salute.Not only is there such a salute not restricted to the ROMANS but a universal greeting since days immemorial .An outstreched arm & open hand indicating friendship is still being used when people are at a distance from one another.üôã‚úã	0.0	0.0	0.0
Students to patrol for fires at Oakland college with failing alarms. #2Investigates @user reports http://bit.ly/2YXmJEj http://bit.ly/2YXmJEj	0.0	0.0	0.0
It seems Boris Johnson will stop at nothing to implement his anti-democratic shutdown of parliament and force a disastrous No Deal on the British people. Today, the @user continue to work with other parties on emergency legislation to stop this authoritarian power grab. https://twitter.com/SkyNewsBreak/status/1168269578864136192	0.0	0.0	0.0
Millions of children are expected to take part in a global #climatestrike today. How important is individual action in the face of climate change? https://bbc.in/30yDMZg	1.0	1.0	1.0
UNICEF_vietnam website Choi Siwon and UNICEF join hands to stop bullying in Viet Nam https://t.co/XmFpII1bKw	0.0	0.0	0.0
"Do you load up on ""sports drinks"" to stay hydrated? Might want to reconsider after reading this study, which found that Coca Cola was actually more hydrating than Powerade. The most effective hydration options were oral rehydration solution and milk. https://academic.oup.com/ajcn/article/103/3/717/4564598 https://academic.oup.com/ajcn/article/103/3/717/4564598"	1.0	1.0	1.0
This #MentalHealthAwarenessWeek, Prof John Sheehan our Consultant in Perinatal psychiatry will be speaking about 'Managing depression & bipolar disorder in pregnancy & postpartum period' at the @user conference this Sat. For clinicians & public alike. http://awareconference.com http://awareconference.com	0.0	0.0	1.0
Scientists identify molecule that could have helped cells survive‚Äîand thrive‚Äîon early Earth https://phys.org/news/2019-10-scientists-molecule-cells-surviveand-thriveon.html via @user	1.0	1.0	1.0
@user @user 30% increase in advance voting at campuses compared to day 1 of advance voting 2015. Something got the voters exited the last few days and something is happening in Canada üá®üá¶ #PPC #PPCmajority #PPC2019 #PPC #votePPC https://t.co/Zobd1FnivJ	0.0	0.0	0.0
#RCB became the first #IPL team to have a woman support staff member #IPL2020 #Yellove #WhistlePodu ü¶Åüíõ #CSK #MI #RCB #Virat #Kohli #Dhoni #IPL12 #IPLMeme #Cricket #CricketLover #India #cskreturns https://bit.ly/2qpkJEo	0.0	0.0	0.0
All crooks should be given psychological tests https://twitter.com/DavidWohl/status/1189632723020742656	0.0	0.0	0.0
#GodMorning_LeatherUsers Stop killing the animals https://t.co/eB8x6YuteK	0.0	0.0	0.0
The role of mental illness has been brought up in discussion around this, and it may or may not have played a role, but the expression of mental illness in the language of white supremacy should not be erased. The language of race and of violence.	0.0	0.0	0.0
@user @user @user @user @user stop publishing FAKE NEWS and be better journalists	0.0	0.0	0.0
After Christmas and Boxing day All Roads lead to Moshi Club Let‚Äôs Drink and Party Lots of Games too Don‚Äôt miss this on 28th December https://t.co/Yzj9BMcnO5	0.0	0.0	0.0
@user @user @user Another stupid comment!! It was edited 2014 and Trump didnt make the cut...simple as that. Stop with your BS and research b4 you tweetüòú	0.0	0.0	0.0
[Job] Staff Equipment Systems Engineer | Company: United Technologies | Location: Chula Vista California United States | #Chula #Vista #Marine #Engineering #Jobs | More info at https://g.drctry.biz/r/JEbUB	0.0	0.0	0.0
Armed conflict disproportionately affects children, touching every aspect of their health from physical to psychological. https://www.mdedge.com/pediatrics/article/215032/business-medicine/armed-conflict-disproportionately-affects-children via @user	1.0	1.0	1.0
[2] As quoted on @user this morning, this could be a massive reset button for the future of farming in the UK. What are your thoughts @user? https://www.bbc.co.uk/news/science-environment-51128709 @user #futurefarming #AgricultureBill	0.0	0.0	0.0
It‚Äôs about to be @user szn all over again as he just announced his new project with two singles dropping on Friday üëÄ | üì∏: @user https://cutt.ly/branded-domains/dncgastrnt.co https://cutt.ly/branded-domains/dncgastrnt.co	0.0	0.0	0.0
Scientists capture molecular maps of animal tissue with unprecedented detail - https://www.genphys.com/science-news/scientists-capture-molecular-maps-of-animal-tissue-with-unprecedented-detail-phys-org - +GENERAL PHYSICS LABORATORY (GPL) Scientists capture molecular maps of animal tissue with unprecedented detail https://www.genphys.com/science-news/scientists-capture-molecular-maps-of-animal-tissue-with-unprecedented-detail-phys-org https://www.genphys.com/science-news/scientists-capture-molecular-maps-of-animal-tissue-with-unprecedented-detail-phys-org	1.0	1.0	1.0
On #WorldWetlandsDay we remind nations considering their Nationally Determined Contributions -NDCs- to fulfil their #ClimateAction plans & achieve targets under #ParisAgreement. that Wetlands are important carbon stores that function best when intact #WetlandBiodiversityMatters https://t.co/OfzahVQ81E	1.0	0.0	0.0
Donald Trump promised he would fight for LGBTQ people. Instead, his administration has systematically undone recent gains in their rights and protections. Here are 31 examples Trump Will NEVER Support LGBTQ Community #OneVoice1 #BeTheChange4USA https://projects.propublica.org/graphics/lgbtq-rights-rollback	0.0	0.0	0.0
"NEW on http://PinkLabel.TV ""Refractory."" @user The spotlight is on Cammy in this kaleidoscopic film, as conventional prostate play becomes bizarre and beautiful, encouraging viewers to experiment with their own self-pleasure. Full film: http://PinkLabel.TV http://PinkLabel.TV"	0.0	0.0	0.0
We are proud to announce our partnership with @user - The only clinically proven esports ready formula to improve your game. Use code ‚ÄúG1‚Äù to directly support us - https://advanced.gg/g1/ https://advanced.gg/g1/	0.0	0.0	0.0
@user @user Stop reporting on speculation and attempting to manufacture a story	0.0	0.0	0.0
Support your local midwife üëåüèøüëåüèªüëåüèΩüëåüèºüëåüèæ #Midwives are everyday heroes‚Äì‚Äìalways putting the needs of others first and stepping up in times of crisis. Drop a üß° to show your support! #SupportOurNursesAndMidwives | #SierraLeone https://t.co/MEBIwFWctw	0.0	0.0	0.0
Tax season is here! Check out these tips to help maximize your returns, and make the process less taxing on your business. Contact our office and speak with us about planning for your retirement. 817.451.7996 http://www.allstateagencies.com/cecilnutall http://www.allstateagencies.com/cecilnutall	0.0	0.0	0.0
@user @user @user @user @user @user @user @user @user @user @user @user @user @user @user @user @user @user @user @user Please stop broadcasting the #CoronaVirusTaskForce press briefings, take control of the cycle. #Covid_19	0.0	0.0	0.0
@user @user @user @user @user @user @user @user @user @user @user I call BS! 2yrs ago 45 dismantled the committee Obama created when Ebola SARS H1N1 epidemics came about. Now he's blaming Obama 4 not having a plan in action 4 this scenario when in truth it's 45's fault! Do ur own research & stop drinking the orange Koolaid & Cult45 mentality!	0.0	0.0	0.0
Civic Saturday morning 15 #PostcardsToVoters in support of ‚Å¶@user‚Å© with gorgeous new batch of postcards üá∫üá∏üóΩüåºüå±üå∏üå∫ #JillForJustice #GOTV ‚Å¶@user‚Å© ‚Å¶@user‚Å© @user https://t.co/VtdBbN5rw1	0.0	0.0	0.0
Turkey reports lower number of coronavirus cases for a second day in row. 4,093 cases were reported Monday, down by 696 when compared to the previous day, 4,789. 61,049 sickened since March 10 and 1,296 have died since March 17, per @user About 4K recoveries so far	1.0	0.0	0.0
Did you know eye exercises & vision therapy can help with digital eye strain & certain eye conditions? Eye exercises will strengthen weak eye muscles, improve blood circulation & muscle tone. Try these eye exercise for a better & stronger vision üëÅüëÅüíô‚ú® #CentralAmericanTwitter https://t.co/KKrwUFJRvG	1.0	0.0	0.0
Next house what ever room has the bar, these lights are a must. @user	0.0	0.0	0.0
Twitter party for Our baby lion. Let‚Äôs support and send encouragement for plan #DaradailyLivexPlan https://t.co/8g50gFmeMM	0.0	0.0	0.0
#WeDemandstipendincrement_rajashthan #WeDemandstipendincrement Interns are demanding Stipend increment for past many years! But the government is not listening to their demand Also State government be like @user @user @user @user @user https://t.co/CGoknbSRkQ	0.0	0.0	0.0
1/ Today, we're announcing a new loan scheme. A simple, quick, easy solution for those in need of smaller loans. Businesses can apply for new Bounce Back Loans up to a maximum of ¬£50,000, or 25% of turnover, with the government paying the interest for the first 12 months. https://t.co/aBYcUkR9sR	0.0	0.0	0.0
Because every timeline needs more baby goats. https://t.co/dhRz09GO0P	0.0	0.0	0.0
@user Yet the peaceful protesters did not stop or prevent the looters from continuing to damage the city .....while being shielded by the protesters group	0.0	0.0	0.0
To reach your goals, reverse engineer them https://t.co/Cws93OwBVR	0.0	0.0	0.0
Precautions must be taken to prevent fire and explosion including appropriate protection of storage vessels for the LPG cylinders. #StoryYaGasWebinar	0.0	0.0	0.0
My article is featured on the @user #COVID19 community page. Read it here: https://www.researchgate.net/publication/340113553_CORONAVIRUS_EPIDEMIC_OUTBREAK_IN_EUROPE_COMPARISON_WITH_THE_DYNAMICS_IN_MAINLAND_CHINA	0.0	1.0	1.0
Hopes raised for cancer treatment after experiments halted tumour growth in mice https://inews.co.uk/news/science/cancer-treatment-explained-experiments-tumour-growth-defects-mice-experiments-449685	1.0	1.0	1.0
@user @user Please read this research analysis https://www.apa.org/pubs/journals/releases/psp-pspp0000147.pdf	0.0	1.0	1.0
Why do transmog conversations always lead to bunny uniforms? What MMORPGs are you playing that has this? #Rewind @user	0.0	0.0	0.0
New article by @user. Burning of solid fuels for home heating is the biggest source of #AirPollution in small towns. Switching to clean energy sources has benefits for #airquality, #ClimateChange and also reduces the impact of #COVID__19 https://www.thejournal.ie/readme/air-quality-pm2-5-solid-fuel-burning-5142631-Jul2020/?utm_source=shortlink	1.0	1.0	1.0
There are more with us than with them‚Äîbecause Jesus Christ is with us, backing us, urging us to use His name and to focus on ‚Äúasking‚Äù for ‚Äúwhatsoever‚Äù we desire from God. We live from faith to faith and victory to victory. Go to https://www.jdm.org/product/316/your-everything-is-his-anything https://www.jdm.org/product/316/your-everything-is-his-anything	0.0	0.0	0.0
TikTok Treats Join TikTok Treats to win free realme mobile phones and permenent MLBB skins. Please download TikTok from https://snssdk1180.onelink.me/BAuo/f66f115c?timestamp=1595013470&utm_source=twitter&utm_campaign=client_share&utm_medium=android&share_app_name=tiktok&share_iid=6841200915846170369	0.0	0.0	0.0
Today the El Paso Department of Health reports 20 COVID-19 deaths. While this is the highest single-day increase, the deaths did not occur on the same day. https://www.ktsm.com/news/20-covid-19-deaths-reported-in-el-paso-168-new-cases/?utm_campaign=socialflow&utm_medium=referral&utm_source=t.co	1.0	0.0	0.0
@user @user Murder. Time @user @user @user @user @user @user @user #SanjayRaut @user @user @user @user stop duping the nation of 1 billion #LowerClass #MiddleClass?? @user https://t.co/gvE8A20BrG	0.0	0.0	0.0
France: N. Mayer. ‚ÄúBring the Poor Back In! Inequalities, Welfare and Politics‚Äù. In: European Political Science 13.2 (2014), pp. 187-200. http://dx.doi.org/10.1057/eps.2014.4 http://dx.doi.org/10.1057/eps.2014.4	0.0	1.0	1.0
Scientists discover way to make quantum states last 10,000 times longer https://phys.org/news/2020-08-scientists-quantum-states-longer.html #ComputerScience	1.0	1.0	1.0
All imma say is...I haven‚Äôt had a bad report yet	0.0	0.0	0.0
MSU Athletics has partnered with the Michigan Department of State and local election officials to promote civic engagement prior to the 2020 Presidential Election and some of their partnership initiatives are already underway. https://statenews.com/article/2020/09/msu-athletics-voting-partnership?ct=content_open&cv=cbox_featured	0.0	0.0	0.0
The difference between how smoking and obesity are treated, despite producing roughly similar results for public health (tho obesity might be worse now) is fascinating	1.0	0.0	0.0
#USDCAD 8th September 2020 Short Pullback Daily Bearish rejection off support 148 pips 148pips 1:1 1% Trade reversed at start of new week to make higher highs and stop trade 9th September 2020 Not a bad trade, just not a successful one. https://t.co/NBSzkPpypb	0.0	0.0	0.0
A growing number of otherwise well people are developing a form of PTSD from an Administration and its cheerleaders, whose malevolence and contempt for life is beyond comprehension. https://johnpavlovitz.com/2018/07/11/the-mental-health-crisis-of-this-unhinged-presidency/?utm_campaign=coschedule&utm_source=twitter&utm_medium=johnpavlovitz	1.0	1.0	1.0
Chilean abuse survivors fear COVID crisis will stop investigations into accused clergy, by @user https://cruxnow.com/church-in-the-americas/2020/09/chilean-abuse-survivors-fear-covid-crisis-will-stop-investigations-into-accused-clergy	0.0	0.0	0.0
The multifarious nature of the damage means treatments for cardiac issues during infection will require tailored approaches. https://www.the-scientist.com/news-opinion/autopsies-show-varied-forms-of-heart-damage-in-covid-19-patients-67969?utm_content=141034243&utm_medium=social&utm_source=twitter&hss_channel=tw-18198832	1.0	1.0	1.0
@user @user @user @user @user @user @user please pass Payroll Support Program ExtensionAct HR 8504 NOW. We have been furloughed and we need our jobs. We are essential workers! üôèüèº‚úàÔ∏èüíô‚ÄºÔ∏è	0.0	0.0	0.0
Urgently Required Extend Due Dates 1.GST Annual & Audit Due Date as 31st Dec 2020 2.Income Tax Audit & Return Date as 31st Dec 2020 3.All routine Notices compliance dateto 31st Dec2020 Please Support Share & Retweet @user @user @user @user @user	0.0	0.0	0.0
@user My question is how many of these deaths are really COVID? Like I said earlier, Flu cases have dropped 90% this year. I seriously doubt that the Flu virus just disappeared. I have a feeling that some, not all, of these COVID deaths could be Flu related.	1.0	0.0	0.0
The COVID-19 pandemic is not over. Incorrect information can cost lives ‚Äî it undermines our efforts to control the virus and protect those most at risk. Today I make a #PledgetoPause before I share information online ‚Äî will you join me? https://www.globalcitizen.org/en/action/pledge-to-pause-coronavirus-misinformation/	1.0	0.0	0.0
With 948 new cases of #COVID19 reported today, Ontario's seven-day-average trend is still on the rise. https://www.cbc.ca/news/canada/toronto/covid-19-coronavirus-ontario-november-2-long-term-care-1.5786044 #covid19ontario https://www.cbc.ca/news/canada/toronto/covid-19-coronavirus-ontario-november-2-long-term-care-1.5786044	1.0	1.0	1.0
Does this mean all the white people will stop watching Netflix documentary‚Äôs now that racism is ‚Äúgone‚Äù?	0.0	0.0	0.0
The lack of a monetary price for the negative consequences of burning fossil fuels should be seen as a subsidy for fossil fuels. These are the key findings of the IMF paper ‚ÄòHow Large Are Global Fossil Fuel Subsidies?‚Äô https://www.sciencedirect.com/science/article/abs/pii/S0305750X16304867?via%3Dihub https://www.sciencedirect.com/science/article/abs/pii/S0305750X16304867?via%3Dihub	1.0	1.0	1.0
This sugar daddy thing makes us caring, hustling boyfriend look very foolishüòÇüòÇüòÇüòÇ You don't know the pains I went through to research say rice dey repair phoneüòÖüòÖüòÖ	0.0	0.0	0.0
Mayor @user about to start a news conference to talk about 2 city staff reports coming - one advocating a vacant home tax, another a transit update. I'll tweet the highlights	0.0	0.0	0.0
New2Trip: Association Between Prescribed Opioid Receipt & Community-Acquired Pneumonia in Adults: Systematic Review & Meta-analysis https://www.tripdatabase.com/r/11701905	1.0	1.0	1.0
Three systematic reviews & the WHO contradict the claims in this thread https://jamanetwork.com/journals/jamapediatrics/fullarticle/2771181 & https://jamanetwork.com/journals/jamapediatrics/fullarticle/2771181 & https://jamanetwork.com/journals/jamapediatrics/fullarticle/2771181 & WHO (next tweet) Yet, a crafted message promoting fear, that will harm kids for decades, has 2,000 RTs Unbelievable	0.0	1.0	1.0
tayriana stans can‚Äôt stop winning this year https://t.co/Y23lDBYb26	0.0	0.0	0.0
This looks like a great opportunity to get research in WASH published, with mentorship available too. Special issue of the H2open journal. https://iwaponline.com/h2open/pages/wash_strategies_special_issue @user #washtwitter #wash #sanitation #water #hygiene #SDGs	0.0	0.0	1.0
#somali: mediation with jihadists and dozo hunters to stop the violence by axadle https://www.axadletimes.com/ax-eye-on-africa/ax-west-africa/mediation-with-jihadists-and-dozo-hunters-to-stop-the-violence.html5?feed_id=18366 https://www.axadletimes.com/ax-eye-on-africa/ax-west-africa/mediation-with-jihadists-and-dozo-hunters-to-stop-the-violence.html5?feed_id=18366	0.0	0.0	0.0
@user Wroter for a facist rag supports the kying facist leader. Tell us something new	0.0	0.0	0.0
@user @user I'm sorry but we DO NOT have 1/4 of million dead from covid. Total deaths in the U.S.. are actually lower this yr than yrs before. Do some research on your own and quit believing everything you hear on the news.	1.0	0.0	0.0
Dear #NIN applicants, you can kindly download the enrolment form below.üëá http://www.commtech.gov.ng/Doc/enrolment_form_v2.pdf Fill & submit the form in any of @user's enrollment centers to be enrolled into the National Identity Database & be issued the National Identification Number. #DigitalNigeria	0.0	0.0	0.0
